"year","gear","tot_val"
2017,"OTB",0
2017,"OTB",0
2017,"OTB",0
2017,"OTB",0
2017,"OTB",0
2017,"OTB",0
2017,"OTB",9.065903
2017,"OTB",12.817312
2017,"OTB",156.933913
2017,"OTB",365.184741
2017,"OTB",371.076801
2017,"OTB",191.930399
2017,"OTB",123.912894
2017,"OTB",159.751492
2017,"OTB",154.933413
2017,"OTB",643.515591
2017,"OTB",2194.326612
2017,"OTB",4214.955943
2017,"OTB",5780.779993
2017,"OTB",5859.821876
2017,"OTB",7159.078844
2017,"OTB",8963.32533
2017,"OTB",10153.842962
2017,"OTB",8459.927238
2017,"OTB",6914.200721
2017,"OTB",5302.910993
2017,"OTB",5258.570476
2017,"OTB",4196.601778
2017,"OTB",4282.131328
2017,"OTB",3423.201813
2017,"OTB",2821.245342
2017,"OTB",1915.663255
2017,"OTB",1441.80914
2017,"OTB",800.596492
2017,"OTB",577.422616
2017,"OTB",427.048877
2017,"OTB",240.940458
2017,"OTB",311.785436
2017,"OTB",98.561598
2017,"OTB",97.686875
2017,"OTB",57.82697
2017,"OTB",14.631952
2017,"OTB",0.749019
2017,"OTB",7.444493
2017,"OTB",4.72099
2017,"OTB",1.740146
2017,"OTB",0
2017,"OTB",0
2017,"OTB",0
2017,"OTB",0
2017,"OTB",0
2017,"OTB",0
2017,"OTB",0
2017,"OTB",0
2017,"OTB",0
2017,"OTB",0
2017,"OTB",0
2017,"OTB",0
2017,"OTB",0
2017,"OTB",0
2017,"OTB",0
2017,"OTB",0
2017,"OTB",0
2017,"OTB",0
2017,"OTB",0
2017,"OTB",0
2017,"OTB",0
2017,"OTB",0
2017,"OTB",0
2017,"OTB",0
2017,"OTB",0
2017,"OTB",0
2017,"OTB",0
2017,"OTB",0
2017,"OTB",0
2017,"OTB",0
2017,"OTB",0
2017,"OTB",0
2017,"OTB",0
2017,"OTB",0
2017,"OTB",0
2017,"OTB",0
2017,"OTB",0
2017,"OTB",0
2017,"OTB",0
2017,"OTB",0
2017,"OTB",0
2017,"OTB",0
2017,"OTB",0
2017,"OTB",0
2017,"OTB",0
2017,"OTB",0
2017,"OTB",0
2017,"OTB",0
2017,"OTB",0
2017,"OTB",0
2017,"OTB",0
2017,"OTB",0
2017,"OTB",0
2017,"OTB",0
2017,"OTB",0
2017,"OTB",0
2017,"OTB",0
2017,"OTB",0
2017,"OTB",0
2017,"OTB",0
2017,"OTB",0
2017,"OTB",0
2017,"OTB",0
2017,"OTB",0
2017,"OTB",0
2017,"OTB",1.796343
2017,"OTB",0
2017,"OTB",0
2017,"OTB",0
2017,"OTB",3.592685
2017,"OTB",4.309372
2017,"OTB",7.132396
2017,"OTB",13.565081
2017,"OTB",62.76564
2017,"OTB",111.429258
2017,"OTB",146.029218
2017,"OTB",200.423957
2017,"OTB",212.967478
2017,"OTB",402.923666
2017,"OTB",565.956139
2017,"OTB",806.156057
2017,"OTB",763.099761
2017,"OTB",793.81683
2017,"OTB",909.359458
2017,"OTB",805.580546
2017,"OTB",669.02234
2017,"OTB",656.940414
2017,"OTB",744.328614
2017,"OTB",573.602027
2017,"OTB",322.365784
2017,"OTB",295.05716
2017,"OTB",177.013147
2017,"OTB",138.689416
2017,"OTB",41.75054
2017,"OTB",32.396893
2017,"OTB",7.273338
2017,"OTB",0
2017,"OTB",0
2017,"OTB",0
2017,"OTB",0
2017,"OTB",0
2017,"OTB",0
2017,"OTB",0
2017,"OTB",0
2017,"OTB",0
2017,"OTB",0
2017,"OTB",0
2017,"OTB",0
2017,"OTB",0
2017,"OTB",0
2017,"OTB",0
2017,"OTB",0
2017,"OTB",0
2017,"OTB",0
2017,"OTB",0
2017,"OTB",0
2017,"OTB",0
2017,"OTB",0
2017,"OTB",0
2017,"OTB",0
2017,"OTB",0
2017,"OTB",0
2017,"OTB",0
2017,"OTB",0
2017,"OTB",0
2017,"OTB",0
2017,"OTB",0
2017,"OTB",0
2017,"OTB",0
2017,"OTB",0
2017,"OTB",0
2017,"OTB",0
2017,"OTB",0
2017,"OTB",0
2017,"OTB",0
2017,"OTB",0
2017,"OTB",0
2017,"OTB",0
2017,"OTB",0
2017,"OTB",0
2017,"OTB",0
2017,"OTB",0
2017,"OTB",0
2017,"OTB",0
2017,"OTB",0
2017,"OTB",0
2017,"OTB",0
2017,"OTB",0
2017,"OTB",0
2017,"OTB",0
2017,"OTB",0
2017,"OTB",0
2017,"OTB",0
2017,"OTB",0
2017,"OTB",0
2017,"OTB",0
2017,"GNS",0
2017,"GNS",0
2017,"GNS",0
2017,"GNS",0
2017,"GNS",0
2017,"GNS",0
2017,"GNS",0
2017,"GNS",0
2017,"GNS",0
2017,"GNS",0
2017,"GNS",0
2017,"GNS",0
2017,"GNS",0
2017,"GNS",0
2017,"GNS",0
2017,"GNS",0
2017,"GNS",0
2017,"GNS",0
2017,"GNS",0
2017,"GNS",0
2017,"GNS",0
2017,"GNS",0
2017,"GNS",0
2017,"GNS",0
2017,"GNS",0
2017,"GNS",0
2017,"GNS",0
2017,"GNS",0
2017,"GNS",0
2017,"GNS",0
2017,"GNS",0
2017,"GNS",0
2017,"GNS",0
2017,"GNS",0
2017,"GNS",0
2017,"GNS",0
2017,"GNS",0
2017,"GNS",0
2017,"GNS",0
2017,"GNS",0
2017,"GNS",0
2017,"GNS",0
2017,"GNS",0
2017,"GNS",0
2017,"GNS",0
2017,"GNS",0
2017,"GNS",0
2017,"GNS",0
2017,"GNS",0
2017,"GNS",0
2017,"GNS",0
2017,"GNS",0
2017,"GNS",0
2017,"GNS",0
2017,"GNS",0
2017,"GNS",0
2017,"GNS",0
2017,"GNS",0
2017,"GNS",0
2017,"GNS",0
2017,"GNS",0
2017,"GNS",0
2017,"GNS",0
2017,"GNS",0
2017,"GNS",0
2017,"GNS",0
2017,"GNS",0
2017,"GNS",0
2017,"GNS",0
2017,"GNS",0
2017,"GNS",0
2017,"GNS",0
2017,"GNS",0
2017,"GNS",0
2017,"GNS",0
2017,"GNS",0
2017,"GNS",0
2017,"GNS",0
2017,"GNS",0
2017,"GNS",0
2017,"GNS",0
2017,"GNS",0
2017,"GNS",0
2017,"GNS",0
2017,"GNS",0
2017,"GNS",0
2017,"GNS",0
2017,"GNS",0
2017,"GNS",0
2017,"GNS",0
2017,"GNS",0
2017,"GNS",0
2017,"GNS",0
2017,"GNS",0
2017,"GNS",0
2017,"GNS",0
2017,"GNS",0
2017,"GNS",0
2017,"GNS",0
2017,"GNS",0
2017,"GNS",0
2016,"OTB",0
2016,"OTB",0
2016,"OTB",0
2016,"OTB",0
2016,"OTB",0
2016,"OTB",0
2016,"OTB",0
2016,"OTB",0
2016,"OTB",0
2016,"OTB",0
2016,"OTB",217.57813
2016,"OTB",303.419146
2016,"OTB",318.66648
2016,"OTB",966.778852
2016,"OTB",936.310234
2016,"OTB",1797.895656
2016,"OTB",3278.402279
2016,"OTB",4933.225954
2016,"OTB",5291.307486
2016,"OTB",7186.247162
2016,"OTB",8553.612275
2016,"OTB",10558.020167
2016,"OTB",9826.997816
2016,"OTB",7958.407273
2016,"OTB",5480.807904
2016,"OTB",3531.846368
2016,"OTB",3711.697083
2016,"OTB",3105.546346
2016,"OTB",3256.401329
2016,"OTB",2343.628886
2016,"OTB",1569.483794
2016,"OTB",1360.600533
2016,"OTB",698.619614
2016,"OTB",527.326635
2016,"OTB",339.52531
2016,"OTB",260.298182
2016,"OTB",339.710737
2016,"OTB",626.19377
2016,"OTB",200.125239
2016,"OTB",259.303982
2016,"OTB",63.111484
2016,"OTB",39.995466
2016,"OTB",10.439207
2016,"OTB",3.303492
2016,"OTB",0
2016,"OTB",3.303492
2016,"OTB",0
2016,"OTB",0
2016,"OTB",0
2016,"OTB",0
2016,"OTB",0
2016,"OTB",0
2016,"OTB",0
2016,"OTB",0
2016,"OTB",0
2016,"OTB",0
2016,"OTB",0
2016,"OTB",0
2016,"OTB",0
2016,"OTB",0
2016,"OTB",0
2016,"OTB",0
2016,"OTB",0
2016,"OTB",0
2016,"OTB",0
2016,"OTB",0
2016,"OTB",0
2016,"OTB",0
2016,"OTB",0
2016,"OTB",0
2016,"OTB",0
2016,"OTB",0
2016,"OTB",0
2016,"OTB",0
2016,"OTB",0
2016,"OTB",0
2016,"OTB",0
2016,"OTB",0
2016,"OTB",0
2016,"OTB",0
2016,"OTB",0
2016,"OTB",0
2016,"OTB",0
2016,"OTB",0
2016,"OTB",0
2016,"OTB",0
2016,"OTB",0
2016,"OTB",0
2016,"OTB",0
2016,"OTB",0
2016,"OTB",0
2016,"OTB",0
2016,"OTB",0
2016,"OTB",0
2016,"OTB",0
2016,"OTB",0
2016,"OTB",0
2016,"OTB",0
2016,"OTB",0
2016,"OTB",0
2016,"OTB",0
2016,"OTB",0
2016,"OTB",0
2016,"OTB",0
2016,"OTB",0
2016,"OTB",0
2016,"OTB",0
2016,"OTB",0
2016,"OTB",0
2016,"OTB",0
2016,"OTB",0
2016,"OTB",0
2016,"OTB",0
2016,"OTB",0
2016,"OTB",0
2016,"OTB",0
2016,"OTB",0
2016,"OTB",0
2016,"OTB",0
2016,"OTB",0
2016,"OTB",0
2016,"OTB",0
2016,"OTB",1.321669
2016,"OTB",5.286677
2016,"OTB",29.888573
2016,"OTB",45.441746
2016,"OTB",78.889402
2016,"OTB",55.505281
2016,"OTB",50.010816
2016,"OTB",89.660892
2016,"OTB",135.612458
2016,"OTB",130.939494
2016,"OTB",72.177162
2016,"OTB",41.476739
2016,"OTB",25.413746
2016,"OTB",20.839851
2016,"OTB",6.098527
2016,"OTB",0.608888
2016,"OTB",0.202963
2016,"OTB",1.321669
2016,"OTB",0
2016,"OTB",0.202963
2016,"OTB",0
2016,"OTB",0
2016,"OTB",0
2016,"OTB",0
2016,"OTB",0
2016,"OTB",0
2016,"OTB",0
2016,"OTB",0
2016,"OTB",0
2016,"OTB",0
2016,"OTB",0
2016,"OTB",0
2016,"OTB",0
2016,"OTB",0
2016,"OTB",0
2016,"OTB",0
2016,"OTB",0
2016,"OTB",0
2016,"OTB",0
2016,"OTB",0
2016,"OTB",0
2016,"OTB",0
2016,"OTB",0
2016,"OTB",0
2016,"OTB",0
2016,"OTB",0
2016,"OTB",0
2016,"OTB",0
2016,"OTB",0
2016,"OTB",0
2016,"OTB",0
2016,"OTB",0
2016,"OTB",0
2016,"OTB",0
2016,"OTB",0
2016,"OTB",0
2016,"OTB",0
2016,"OTB",0
2016,"OTB",0
2016,"OTB",0
2016,"OTB",0
2016,"OTB",0
2016,"OTB",0
2016,"OTB",0
2016,"OTB",0
2016,"OTB",0
2016,"OTB",0
2016,"OTB",0
2016,"OTB",0
2016,"OTB",0
2016,"OTB",0
2016,"OTB",0
2016,"OTB",0
2016,"OTB",0
2016,"OTB",0
2016,"OTB",0
2016,"OTB",0
2016,"OTB",0
2016,"OTB",0
2016,"OTB",0
2016,"OTB",0
2016,"OTB",0
2016,"OTB",0
2016,"OTB",0
2016,"OTB",0
2016,"OTB",0
2016,"OTB",0
2016,"OTB",0
2016,"OTB",0
2016,"OTB",0
2016,"OTB",2.727003
2016,"OTB",0
2016,"OTB",0.678652
2016,"OTB",0.678652
2016,"OTB",1.357304
2016,"OTB",70.883751
2016,"OTB",54.613508
2016,"OTB",71.016332
2016,"OTB",225.590257
2016,"OTB",349.311376
2016,"OTB",1273.703065
2016,"OTB",1443.471532
2016,"OTB",852.191879
2016,"OTB",793.346219
2016,"OTB",786.592043
2016,"OTB",996.691288
2016,"OTB",1385.917414
2016,"OTB",978.926239
2016,"OTB",582.617538
2016,"OTB",593.879397
2016,"OTB",571.868052
2016,"OTB",671.871713
2016,"OTB",452.032368
2016,"OTB",332.698955
2016,"OTB",223.239398
2016,"OTB",207.361484
2016,"OTB",329.066351
2016,"OTB",667.485687
2016,"OTB",244.247135
2016,"OTB",284.3994
2016,"OTB",149.649042
2016,"OTB",98.258865
2016,"OTB",9.672555
2016,"OTB",17.475228
2016,"OTB",21.199377
2016,"OTB",34.950457
2016,"OTB",14.501025
2016,"OTB",0
2016,"OTB",0
2016,"OTB",0
2016,"OTB",0
2016,"OTB",0
2016,"OTB",0
2016,"OTB",0
2016,"OTB",0
2016,"OTB",0
2016,"OTB",0
2016,"OTB",0
2016,"OTB",0
2016,"OTB",0
2016,"OTB",0
2016,"OTB",0
2016,"OTB",0
2016,"OTB",0
2016,"OTB",0
2016,"OTB",0
2016,"OTB",0
2016,"OTB",0
2016,"OTB",0
2016,"OTB",0
2016,"OTB",0
2016,"OTB",0
2016,"OTB",0
2016,"OTB",0
2016,"OTB",0
2016,"OTB",0
2016,"OTB",0
2016,"OTB",0
2016,"OTB",0
2016,"OTB",0
2016,"OTB",0
2016,"OTB",0
2016,"OTB",0
2016,"OTB",0
2016,"OTB",0
2016,"OTB",0
2016,"OTB",0
2016,"OTB",0
2016,"OTB",0
2016,"OTB",0
2016,"OTB",0
2016,"OTB",0
2016,"OTB",0
2016,"OTB",0
2016,"OTB",0
2016,"OTB",0
2016,"OTB",0
2016,"OTB",0
2016,"OTB",0
2016,"OTB",0
2016,"OTB",0
2015,"OTB",0
2015,"OTB",0
2015,"OTB",0
2015,"OTB",0
2015,"OTB",0
2015,"OTB",0
2015,"OTB",0
2015,"OTB",0
2015,"OTB",372.056332
2015,"OTB",210.216134
2015,"OTB",1653.806396
2015,"OTB",1616.282927
2015,"OTB",1619.525242
2015,"OTB",2646.284707
2015,"OTB",3160.141931
2015,"OTB",4618.405536
2015,"OTB",5586.890763
2015,"OTB",6968.239065
2015,"OTB",6412.491835
2015,"OTB",6425.643268
2015,"OTB",7924.093442
2015,"OTB",10407.408748
2015,"OTB",7992.006993
2015,"OTB",6712.728396
2015,"OTB",5275.813269
2015,"OTB",5463.471376
2015,"OTB",5404.732014
2015,"OTB",5261.451554
2015,"OTB",3006.446244
2015,"OTB",3138.073407
2015,"OTB",2656.537723
2015,"OTB",1625.233286
2015,"OTB",890.589531
2015,"OTB",891.802728
2015,"OTB",415.03208
2015,"OTB",174.55224
2015,"OTB",152.920595
2015,"OTB",158.10854
2015,"OTB",13.565871
2015,"OTB",6.554396
2015,"OTB",20.155227
2015,"OTB",3.641331
2015,"OTB",0
2015,"OTB",0
2015,"OTB",0
2015,"OTB",0
2015,"OTB",0
2015,"OTB",0
2015,"OTB",0
2015,"OTB",0
2015,"OTB",0
2015,"OTB",0
2015,"OTB",0
2015,"OTB",0
2015,"OTB",0
2015,"OTB",0
2015,"OTB",0
2015,"OTB",0
2015,"OTB",0
2015,"OTB",0
2015,"OTB",0
2015,"OTB",0
2015,"OTB",0
2015,"OTB",0
2015,"OTB",0
2015,"OTB",0
2015,"OTB",0
2015,"OTB",0
2015,"OTB",0
2015,"OTB",0
2015,"OTB",0
2015,"OTB",0
2015,"OTB",0
2015,"OTB",0
2015,"OTB",0
2015,"OTB",0
2015,"OTB",0
2015,"OTB",0
2015,"OTB",0
2015,"OTB",0
2015,"OTB",0
2015,"OTB",0
2015,"OTB",0
2015,"OTB",0
2015,"OTB",0
2015,"OTB",0
2015,"OTB",0
2015,"OTB",0
2015,"OTB",0
2015,"OTB",0
2015,"OTB",0
2015,"OTB",0
2015,"OTB",0
2015,"OTB",0
2015,"OTB",0
2015,"OTB",0
2015,"OTB",0
2015,"OTB",0
2015,"OTB",0
2015,"OTB",0
2015,"OTB",0
2015,"OTB",0
2015,"OTB",0
2015,"OTB",0
2015,"OTB",0
2015,"OTB",0
2015,"OTB",0
2015,"OTB",0
2015,"OTB",0
2015,"OTB",0
2015,"OTB",0
2015,"OTB",0
2015,"OTB",0
2015,"OTB",0
2015,"OTB",0
2015,"OTB",0
2015,"OTB",0
2015,"OTB",0
2015,"OTB",0
2015,"OTB",0
2015,"OTB",0
2015,"OTB",8.283498
2015,"OTB",13.200766
2015,"OTB",11.517652
2015,"OTB",20.056835
2015,"OTB",35.971921
2015,"OTB",45.54231
2015,"OTB",49.172688
2015,"OTB",72.983511
2015,"OTB",72.719362
2015,"OTB",66.770888
2015,"OTB",66.638814
2015,"OTB",63.668808
2015,"OTB",48.009408
2015,"OTB",26.269458
2015,"OTB",13.976286
2015,"OTB",13.456452
2015,"OTB",8.283498
2015,"OTB",3.234154
2015,"OTB",2.458634
2015,"OTB",0
2015,"OTB",0
2015,"OTB",0
2015,"OTB",0
2015,"OTB",0
2015,"OTB",0
2015,"OTB",0
2015,"OTB",0
2015,"OTB",0
2015,"OTB",0
2015,"OTB",0
2015,"OTB",0
2015,"OTB",0
2015,"OTB",0
2015,"OTB",0
2015,"OTB",0
2015,"OTB",0
2015,"OTB",0
2015,"OTB",0
2015,"OTB",0
2015,"OTB",0
2015,"OTB",0
2015,"OTB",0
2015,"OTB",0
2015,"OTB",0
2015,"OTB",0
2015,"OTB",0
2015,"OTB",0
2015,"OTB",0
2015,"OTB",0
2015,"OTB",0
2015,"OTB",0
2015,"OTB",0
2015,"OTB",0
2015,"OTB",0
2015,"OTB",0
2015,"OTB",0
2015,"OTB",0
2015,"OTB",0
2015,"OTB",0
2015,"OTB",0
2015,"OTB",0
2015,"OTB",0
2015,"OTB",0
2015,"OTB",0
2015,"OTB",0
2015,"OTB",0
2015,"OTB",0
2015,"OTB",0
2015,"OTB",0
2015,"OTB",0
2015,"OTB",0
2015,"OTB",0
2015,"OTB",0
2015,"OTB",0
2015,"OTB",0
2015,"OTB",0
2015,"OTB",0
2015,"OTB",0
2015,"OTB",0
2015,"OTB",0
2015,"OTB",0
2015,"OTB",0
2015,"OTB",0
2015,"OTB",0
2015,"OTB",0
2015,"OTB",0
2015,"OTB",0
2015,"OTB",0
2015,"OTB",0
2015,"OTB",0
2015,"OTB",0
2015,"OTB",0
2015,"OTB",0
2015,"OTB",0
2015,"OTB",0
2015,"OTB",0
2015,"OTB",0
2015,"OTB",0
2015,"OTB",0
2015,"OTB",0
2015,"OTB",0
2015,"OTB",0.746011
2015,"OTB",32.148409
2015,"OTB",146.545906
2015,"OTB",275.232413
2015,"OTB",412.721717
2015,"OTB",759.079025
2015,"OTB",555.012586
2015,"OTB",715.004301
2015,"OTB",649.175992
2015,"OTB",732.179657
2015,"OTB",951.072284
2015,"OTB",748.658356
2015,"OTB",649.732954
2015,"OTB",330.660266
2015,"OTB",203.785751
2015,"OTB",143.102153
2015,"OTB",308.403896
2015,"OTB",279.453368
2015,"OTB",108.676526
2015,"OTB",45.944109
2015,"OTB",51.291236
2015,"OTB",41.567702
2015,"OTB",9.723535
2015,"OTB",0
2015,"OTB",0
2015,"OTB",0
2015,"OTB",0
2015,"OTB",0
2015,"OTB",0
2015,"OTB",0
2015,"OTB",0
2015,"OTB",0
2015,"OTB",0
2015,"OTB",0
2015,"OTB",0
2015,"OTB",0
2015,"OTB",0
2015,"OTB",0
2015,"OTB",0
2015,"OTB",0
2015,"OTB",0
2015,"OTB",0
2015,"OTB",0
2015,"OTB",0
2015,"OTB",0
2015,"OTB",0
2015,"OTB",0
2015,"OTB",0
2015,"OTB",0
2015,"OTB",0
2015,"OTB",0
2015,"OTB",0
2015,"OTB",0
2015,"OTB",0
2015,"OTB",0
2015,"OTB",0
2015,"OTB",0
2015,"OTB",0
2015,"OTB",0
2015,"OTB",0
2015,"OTB",0
2015,"OTB",0
2015,"OTB",0
2015,"OTB",0
2015,"OTB",0
2015,"OTB",0
2015,"OTB",0
2015,"OTB",0
2015,"OTB",0
2015,"OTB",0
2015,"OTB",0
2015,"OTB",0
2015,"OTB",0
2015,"OTB",0
2015,"OTB",0
2015,"OTB",0
2015,"OTB",0
2015,"OTB",0
2015,"OTB",0
2015,"OTB",0
2015,"OTB",0
2014,"OTB",0
2014,"OTB",0
2014,"OTB",0
2014,"OTB",0
2014,"OTB",0
2014,"OTB",0
2014,"OTB",0
2014,"OTB",0
2014,"OTB",17.244707
2014,"OTB",57.581818
2014,"OTB",86.372728
2014,"OTB",315.929474
2014,"OTB",288.498205
2014,"OTB",980.003505
2014,"OTB",1635.300792
2014,"OTB",2579.002721
2014,"OTB",4330.243732
2014,"OTB",3433.63627
2014,"OTB",3112.147183
2014,"OTB",3500.195628
2014,"OTB",3732.064105
2014,"OTB",3330.846392
2014,"OTB",3344.874303
2014,"OTB",3050.706164
2014,"OTB",2360.204884
2014,"OTB",1981.818496
2014,"OTB",2410.585405
2014,"OTB",2394.559734
2014,"OTB",2632.746817
2014,"OTB",2116.975805
2014,"OTB",2054.227824
2014,"OTB",1258.862177
2014,"OTB",1149.718011
2014,"OTB",1093.474972
2014,"OTB",815.423199
2014,"OTB",876.747371
2014,"OTB",1252.912767
2014,"OTB",953.647919
2014,"OTB",242.089942
2014,"OTB",137.29362
2014,"OTB",67.040494
2014,"OTB",75.528865
2014,"OTB",45.22573
2014,"OTB",31.924045
2014,"OTB",7.981011
2014,"OTB",5.320674
2014,"OTB",2.660337
2014,"OTB",0
2014,"OTB",0
2014,"OTB",0
2014,"OTB",0
2014,"OTB",0
2014,"OTB",0
2014,"OTB",0
2014,"OTB",0
2014,"OTB",0
2014,"OTB",0
2014,"OTB",0
2014,"OTB",0
2014,"OTB",0
2014,"OTB",0
2014,"OTB",0
2014,"OTB",0
2014,"OTB",0
2014,"OTB",0
2014,"OTB",0
2014,"OTB",0
2014,"OTB",0
2014,"OTB",0
2014,"OTB",0
2014,"OTB",0
2014,"OTB",0
2014,"OTB",0
2014,"OTB",0
2014,"OTB",0
2014,"OTB",0
2014,"OTB",0
2014,"OTB",0
2014,"OTB",0
2014,"OTB",0
2014,"OTB",0
2014,"OTB",0
2014,"OTB",0
2014,"OTB",0
2014,"OTB",0
2014,"OTB",0
2014,"OTB",0
2014,"OTB",0
2014,"OTB",0
2014,"OTB",0
2014,"OTB",0
2014,"OTB",0
2014,"OTB",0
2014,"OTB",0
2014,"OTB",0
2014,"OTB",0
2014,"OTB",0
2014,"OTB",0
2014,"OTB",0
2014,"OTB",0
2014,"OTB",0
2014,"OTB",0
2014,"OTB",0
2014,"OTB",0
2014,"OTB",0
2014,"OTB",0
2014,"OTB",0
2014,"OTB",0
2014,"OTB",0
2014,"OTB",0
2014,"OTB",0
2014,"OTB",0
2014,"OTB",0
2014,"OTB",0
2014,"OTB",0
2014,"OTB",0
2014,"OTB",0
2014,"OTB",0
2014,"OTB",0
2014,"OTB",0
2014,"OTB",0
2014,"OTB",0
2014,"OTB",0
2014,"OTB",0
2014,"OTB",0
2014,"OTB",0
2014,"OTB",0
2014,"OTB",0
2014,"OTB",0
2014,"OTB",0
2014,"OTB",0
2014,"OTB",0
2014,"OTB",0
2014,"OTB",0
2014,"OTB",0
2014,"OTB",0
2014,"OTB",0
2014,"OTB",0
2014,"OTB",0
2014,"OTB",0
2014,"OTB",0
2014,"OTB",0
2014,"OTB",0
2014,"OTB",0
2014,"OTB",0
2014,"OTB",0
2014,"OTB",0
2014,"OTB",0
2014,"OTB",0
2014,"OTB",0
2014,"OTB",0
2014,"OTB",0
2014,"OTB",0
2014,"OTB",0
2014,"OTB",0
2014,"OTB",0
2014,"OTB",0
2014,"OTB",0
2014,"OTB",0
2014,"OTB",0
2014,"OTB",0
2014,"OTB",0
2014,"OTB",0
2014,"OTB",0
2014,"OTB",0
2014,"OTB",0
2014,"OTB",0
2014,"OTB",0
2014,"OTB",0
2014,"OTB",0
2014,"OTB",0
2014,"OTB",0
2014,"OTB",0
2014,"OTB",0
2014,"OTB",0
2014,"OTB",0
2014,"OTB",0
2014,"OTB",0
2014,"OTB",0
2014,"OTB",0
2014,"OTB",0
2014,"OTB",0
2014,"OTB",0
2014,"OTB",0
2014,"OTB",0
2014,"OTB",0
2014,"OTB",0
2014,"OTB",0
2014,"OTB",0
2014,"OTB",0
2014,"OTB",0
2014,"OTB",0
2014,"OTB",0
2014,"OTB",0
2014,"OTB",0
2014,"OTB",0
2014,"OTB",0
2014,"OTB",0
2014,"OTB",0
2014,"OTB",0
2014,"OTB",0
2014,"OTB",0
2014,"OTB",0
2014,"OTB",0
2014,"OTB",0
2014,"OTB",0
2014,"OTB",0
2014,"OTB",0
2014,"OTB",0
2014,"OTB",0
2014,"OTB",0
2014,"OTB",0
2014,"OTB",0
2014,"OTB",0
2014,"OTB",0
2014,"OTB",0
2014,"OTB",0
2014,"OTB",0
2014,"OTB",0
2014,"OTB",0
2014,"OTB",0
2014,"OTB",0
2014,"OTB",0
2014,"OTB",0
2014,"OTB",11.569459
2014,"OTB",47.000927
2014,"OTB",102.678949
2014,"OTB",489.532734
2014,"OTB",837.339595
2014,"OTB",1037.635854
2014,"OTB",896.633072
2014,"OTB",780.215391
2014,"OTB",369.499597
2014,"OTB",380.345965
2014,"OTB",532.918205
2014,"OTB",417.223615
2014,"OTB",162.695517
2014,"OTB",201.01935
2014,"OTB",165.587882
2014,"OTB",40.493106
2014,"OTB",8.677094
2014,"OTB",23.862009
2014,"OTB",0
2014,"OTB",2.892365
2014,"OTB",0
2014,"OTB",0
2014,"OTB",0
2014,"OTB",0
2014,"OTB",0
2014,"OTB",0
2014,"OTB",0
2014,"OTB",0
2014,"OTB",0
2014,"OTB",0
2014,"OTB",0
2014,"OTB",0
2014,"OTB",0
2014,"OTB",0
2014,"OTB",0
2014,"OTB",0
2014,"OTB",0
2014,"OTB",0
2014,"OTB",0
2014,"OTB",0
2014,"OTB",0
2014,"OTB",0
2014,"OTB",0
2014,"OTB",0
2014,"OTB",0
2014,"OTB",0
2014,"OTB",0
2014,"OTB",0
2014,"OTB",0
2014,"OTB",0
2014,"OTB",0
2014,"OTB",0
2014,"OTB",0
2014,"OTB",0
2014,"OTB",0
2014,"OTB",0
2014,"OTB",0
2014,"OTB",0
2014,"OTB",0
2014,"OTB",0
2014,"OTB",0
2014,"OTB",0
2014,"OTB",0
2014,"OTB",0
2014,"OTB",0
2014,"OTB",0
2014,"OTB",0
2014,"OTB",0
2014,"OTB",0
2014,"OTB",0
2014,"OTB",0
2014,"OTB",0
2014,"OTB",0
2014,"OTB",0
2014,"OTB",0
2014,"OTB",0
2014,"OTB",0
2014,"OTB",0
2014,"OTB",0
2014,"GNS",0
2014,"GNS",0
2014,"GNS",0
2014,"GNS",0
2014,"GNS",0
2014,"GNS",0
2014,"GNS",0
2014,"GNS",0
2014,"GNS",0
2014,"GNS",0
2014,"GNS",0
2014,"GNS",0
2014,"GNS",0
2014,"GNS",0
2014,"GNS",0
2014,"GNS",0
2014,"GNS",0
2014,"GNS",0
2014,"GNS",0
2014,"GNS",0
2014,"GNS",0
2014,"GNS",0
2014,"GNS",0
2014,"GNS",0
2014,"GNS",0
2014,"GNS",0
2014,"GNS",0
2014,"GNS",0
2014,"GNS",0
2014,"GNS",0
2014,"GNS",0
2014,"GNS",0
2014,"GNS",0
2014,"GNS",0
2014,"GNS",0
2014,"GNS",0
2014,"GNS",0
2014,"GNS",0
2014,"GNS",0
2014,"GNS",0
2014,"GNS",0
2014,"GNS",0
2014,"GNS",0
2014,"GNS",0
2014,"GNS",0
2014,"GNS",0
2014,"GNS",0
2014,"GNS",0
2014,"GNS",0
2014,"GNS",0
2014,"GNS",0
2014,"GNS",0
2014,"GNS",0
2014,"GNS",0
2014,"GNS",0
2014,"GNS",0
2014,"GNS",0
2014,"GNS",0
2014,"GNS",0
2014,"GNS",0
2014,"GNS",0
2014,"GNS",0
2014,"GNS",0
2014,"GNS",0
2014,"GNS",0
2014,"GNS",0
2014,"GNS",0
2014,"GNS",0
2014,"GNS",0
2014,"GNS",0
2014,"GNS",0
2014,"GNS",0
2014,"GNS",0
2014,"GNS",0
2014,"GNS",0
2014,"GNS",0
2014,"GNS",0
2014,"GNS",0
2014,"GNS",0
2014,"GNS",0
2014,"GNS",0
2014,"GNS",0
2014,"GNS",0
2014,"GNS",0
2014,"GNS",0
2014,"GNS",0
2014,"GNS",0
2014,"GNS",0
2014,"GNS",0
2014,"GNS",0
2014,"GNS",0
2014,"GNS",0
2014,"GNS",0
2014,"GNS",0
2014,"GNS",0
2014,"GNS",0
2014,"GNS",0
2014,"GNS",0
2014,"GNS",0
2014,"GNS",0
2014,"GNS",0
2013,"OTB",0
2013,"OTB",0
2013,"OTB",0
2013,"OTB",0
2013,"OTB",0
2013,"OTB",5.975604
2013,"OTB",0
2013,"OTB",0
2013,"OTB",0
2013,"OTB",27.417092
2013,"OTB",59.941687
2013,"OTB",67.937561
2013,"OTB",87.358779
2013,"OTB",127.793827
2013,"OTB",220.821339
2013,"OTB",329.463929
2013,"OTB",948.211745
2013,"OTB",1689.311114
2013,"OTB",2186.627261
2013,"OTB",2565.402504
2013,"OTB",2308.345313
2013,"OTB",1997.149941
2013,"OTB",2353.849773
2013,"OTB",3067.606203
2013,"OTB",2963.370689
2013,"OTB",2880.387891
2013,"OTB",2758.364189
2013,"OTB",2319.331851
2013,"OTB",2259.344182
2013,"OTB",2293.057799
2013,"OTB",2122.115777
2013,"OTB",1967.617552
2013,"OTB",1413.211668
2013,"OTB",1328.199042
2013,"OTB",857.986836
2013,"OTB",654.784104
2013,"OTB",717.266352
2013,"OTB",351.980344
2013,"OTB",318.106713
2013,"OTB",90.989333
2013,"OTB",53.319272
2013,"OTB",26.459976
2013,"OTB",6.614994
2013,"OTB",0
2013,"OTB",0
2013,"OTB",0
2013,"OTB",0
2013,"OTB",0
2013,"OTB",0
2013,"OTB",0
2013,"OTB",0
2013,"OTB",0
2013,"OTB",0
2013,"OTB",0
2013,"OTB",0
2013,"OTB",0
2013,"OTB",0
2013,"OTB",0
2013,"OTB",0
2013,"OTB",0
2013,"OTB",0
2013,"OTB",0
2013,"OTB",0
2013,"OTB",0
2013,"OTB",0
2013,"OTB",0
2013,"OTB",0
2013,"OTB",0
2013,"OTB",0
2013,"OTB",0
2013,"OTB",0
2013,"OTB",0
2013,"OTB",0
2013,"OTB",0
2013,"OTB",0
2013,"OTB",0
2013,"OTB",0
2013,"OTB",0
2013,"OTB",0
2013,"OTB",0
2013,"OTB",0
2013,"OTB",0
2013,"OTB",0
2013,"OTB",0
2013,"OTB",0
2013,"OTB",0
2013,"OTB",0
2013,"OTB",0
2013,"OTB",0
2013,"OTB",0
2013,"OTB",0
2013,"OTB",0
2013,"OTB",0
2013,"OTB",0
2013,"OTB",0
2013,"OTB",0
2013,"OTB",0
2013,"OTB",0
2013,"OTB",0
2013,"OTB",0
2013,"OTB",0
2013,"OTB",0
2013,"OTB",0
2013,"OTB",0
2013,"OTB",0
2013,"OTB",0
2013,"OTB",0
2013,"OTB",0
2013,"OTB",0
2013,"OTB",0
2013,"OTB",0
2013,"OTB",0
2013,"OTB",0
2013,"OTB",0
2013,"OTB",0
2013,"OTB",0
2013,"OTB",0
2013,"OTB",0
2013,"OTB",0
2013,"OTB",0
2013,"OTB",0
2013,"OTB",0
2013,"OTB",0
2013,"OTB",0
2013,"OTB",0
2013,"OTB",0
2013,"OTB",0
2013,"OTB",0
2013,"OTB",0
2013,"OTB",0
2013,"OTB",0
2013,"OTB",0
2013,"OTB",0
2013,"OTB",0
2013,"OTB",0
2013,"OTB",0
2013,"OTB",0
2013,"OTB",0
2013,"OTB",0
2013,"OTB",0
2013,"OTB",0
2013,"OTB",0
2013,"OTB",0
2013,"OTB",0
2013,"OTB",0
2013,"OTB",0
2013,"OTB",0
2013,"OTB",0
2013,"OTB",0
2013,"OTB",0
2013,"OTB",0
2013,"OTB",0
2013,"OTB",0
2013,"OTB",0
2013,"OTB",0
2013,"OTB",0
2013,"OTB",0
2013,"OTB",0
2013,"OTB",0
2013,"OTB",0
2013,"OTB",0
2013,"OTB",0
2013,"OTB",0
2013,"OTB",0
2013,"OTB",0
2013,"OTB",0
2013,"OTB",0
2013,"OTB",0
2013,"OTB",0
2013,"OTB",0
2013,"OTB",0
2013,"OTB",0
2013,"OTB",0
2013,"OTB",0
2013,"OTB",0
2013,"OTB",0
2013,"OTB",0
2013,"OTB",0
2013,"OTB",0
2013,"OTB",0
2013,"OTB",0
2013,"OTB",0
2013,"OTB",0
2013,"OTB",0
2013,"OTB",0
2013,"OTB",0
2013,"OTB",0
2013,"OTB",0
2013,"OTB",0
2013,"OTB",0
2013,"OTB",0
2013,"OTB",0
2013,"OTB",0
2013,"OTB",0
2013,"OTB",0
2013,"OTB",0
2013,"OTB",0
2013,"OTB",0
2013,"OTB",0
2013,"OTB",0
2013,"OTB",0
2013,"OTB",0
2013,"OTB",0
2013,"OTB",0
2013,"OTB",0
2013,"OTB",0
2013,"OTB",0
2013,"OTB",0
2013,"OTB",0
2013,"OTB",0
2013,"OTB",0
2013,"OTB",0
2013,"OTB",5.622357
2013,"OTB",5.622357
2013,"OTB",0
2013,"OTB",6.529189
2013,"OTB",9.272761
2013,"OTB",10.974288
2013,"OTB",8.880604
2013,"OTB",8.230716
2013,"OTB",28.167348
2013,"OTB",11.038098
2013,"OTB",24.402179
2013,"OTB",63.219684
2013,"OTB",123.655037
2013,"OTB",175.303655
2013,"OTB",362.064125
2013,"OTB",699.664511
2013,"OTB",1021.201198
2013,"OTB",991.843945
2013,"OTB",975.682712
2013,"OTB",704.784802
2013,"OTB",632.060188
2013,"OTB",642.893737
2013,"OTB",724.581591
2013,"OTB",654.773591
2013,"OTB",484.315181
2013,"OTB",306.006224
2013,"OTB",178.182487
2013,"OTB",240.643131
2013,"OTB",228.468722
2013,"OTB",119.615204
2013,"OTB",74.685086
2013,"OTB",51.516473
2013,"OTB",30.909884
2013,"OTB",24.368957
2013,"OTB",19.072468
2013,"OTB",8.010958
2013,"OTB",10.619381
2013,"OTB",0
2013,"OTB",0
2013,"OTB",0
2013,"OTB",0
2013,"OTB",0
2013,"OTB",0
2013,"OTB",0
2013,"OTB",0
2013,"OTB",0
2013,"OTB",0
2013,"OTB",0
2013,"OTB",0
2013,"OTB",0
2013,"OTB",0
2013,"OTB",0
2013,"OTB",0
2013,"OTB",0
2013,"OTB",0
2013,"OTB",0
2013,"OTB",0
2013,"OTB",0
2013,"OTB",0
2013,"OTB",0
2013,"OTB",0
2013,"OTB",0
2013,"OTB",0
2013,"OTB",0
2013,"OTB",0
2013,"OTB",0
2013,"OTB",0
2013,"OTB",0
2013,"OTB",0
2013,"OTB",0
2013,"OTB",0
2013,"OTB",0
2013,"OTB",0
2013,"OTB",0
2013,"OTB",0
2013,"OTB",0
2013,"OTB",0
2013,"OTB",0
2013,"OTB",0
2013,"OTB",0
2013,"OTB",0
2013,"OTB",0
2013,"OTB",0
2013,"OTB",0
2013,"OTB",0
2013,"OTB",0
2013,"OTB",0
2013,"OTB",0
2013,"OTB",0
2013,"OTB",0
2013,"OTB",0
2012,"OTB",0
2012,"OTB",0
2012,"OTB",0
2012,"OTB",0
2012,"OTB",0
2012,"OTB",0
2012,"OTB",0
2012,"OTB",0
2012,"OTB",0
2012,"OTB",0
2012,"OTB",0
2012,"OTB",42.762365
2012,"OTB",26.106037
2012,"OTB",118.029052
2012,"OTB",170.88955
2012,"OTB",356.689971
2012,"OTB",913.148394
2012,"OTB",974.653823
2012,"OTB",1801.134262
2012,"OTB",2776.521055
2012,"OTB",3548.657299
2012,"OTB",3615.048681
2012,"OTB",3362.604456
2012,"OTB",3534.015794
2012,"OTB",2740.381553
2012,"OTB",2383.038228
2012,"OTB",2312.30282
2012,"OTB",2381.405427
2012,"OTB",2369.810344
2012,"OTB",2631.3402
2012,"OTB",2153.800549
2012,"OTB",1386.156006
2012,"OTB",1241.300853
2012,"OTB",1152.664416
2012,"OTB",1097.684686
2012,"OTB",985.686389
2012,"OTB",1033.768386
2012,"OTB",536.233034
2012,"OTB",362.650414
2012,"OTB",119.312671
2012,"OTB",100.158685
2012,"OTB",29.25218
2012,"OTB",52.940658
2012,"OTB",35.17073
2012,"OTB",20.421714
2012,"OTB",10.210857
2012,"OTB",10.210857
2012,"OTB",0
2012,"OTB",0
2012,"OTB",0
2012,"OTB",0
2012,"OTB",0
2012,"OTB",0
2012,"OTB",0
2012,"OTB",0
2012,"OTB",0
2012,"OTB",0
2012,"OTB",0
2012,"OTB",0
2012,"OTB",0
2012,"OTB",0
2012,"OTB",0
2012,"OTB",0
2012,"OTB",0
2012,"OTB",0
2012,"OTB",0
2012,"OTB",0
2012,"OTB",0
2012,"OTB",0
2012,"OTB",0
2012,"OTB",0
2012,"OTB",0
2012,"OTB",0
2012,"OTB",0
2012,"OTB",0
2012,"OTB",0
2012,"OTB",0
2012,"OTB",0
2012,"OTB",0
2012,"OTB",0
2012,"OTB",0
2012,"OTB",0
2012,"OTB",0
2012,"OTB",0
2012,"OTB",0
2012,"OTB",0
2012,"OTB",0
2012,"OTB",0
2012,"OTB",0
2012,"OTB",0
2012,"OTB",0
2012,"OTB",0
2012,"OTB",0
2012,"OTB",0
2012,"OTB",0
2012,"OTB",0
2012,"OTB",0
2012,"OTB",0
2012,"OTB",0
2012,"OTB",0
2012,"OTB",0
2012,"OTB",0
2012,"OTB",0
2012,"OTB",0
2012,"OTB",0
2012,"OTB",0
2012,"OTB",0
2012,"OTB",0
2012,"OTB",0
2012,"OTB",0
2012,"OTB",0
2012,"OTB",0
2012,"OTB",0
2012,"OTB",0
2012,"OTB",0
2012,"OTB",0
2012,"OTB",0
2012,"OTB",0
2012,"OTB",0
2012,"OTB",0
2012,"OTB",0
2012,"OTB",0
2012,"OTB",0
2012,"OTB",0
2012,"OTB",0
2012,"OTB",0
2012,"OTB",0
2012,"OTB",0
2012,"OTB",0
2012,"OTB",0
2012,"OTB",0
2012,"OTB",0
2012,"OTB",0
2012,"OTB",0
2012,"OTB",0
2012,"OTB",0
2012,"OTB",0
2012,"OTB",0
2012,"OTB",0
2012,"OTB",0
2012,"OTB",0
2012,"OTB",0
2012,"OTB",0
2012,"OTB",0
2012,"OTB",0
2012,"OTB",0
2012,"OTB",0
2012,"OTB",0
2012,"OTB",0
2012,"OTB",0
2012,"OTB",0
2012,"OTB",0
2012,"OTB",0
2012,"OTB",0
2012,"OTB",0
2012,"OTB",0
2012,"OTB",0
2012,"OTB",0
2012,"OTB",0
2012,"OTB",0
2012,"OTB",0
2012,"OTB",0
2012,"OTB",0
2012,"OTB",0
2012,"OTB",0
2012,"OTB",0
2012,"OTB",0
2012,"OTB",0
2012,"OTB",0
2012,"OTB",0
2012,"OTB",0
2012,"OTB",0
2012,"OTB",0
2012,"OTB",0
2012,"OTB",0
2012,"OTB",0
2012,"OTB",0
2012,"OTB",0
2012,"OTB",0
2012,"OTB",0
2012,"OTB",0
2012,"OTB",0
2012,"OTB",0
2012,"OTB",0
2012,"OTB",0
2012,"OTB",0
2012,"OTB",0
2012,"OTB",0
2012,"OTB",0
2012,"OTB",0
2012,"OTB",0
2012,"OTB",0
2012,"OTB",0
2012,"OTB",0
2012,"OTB",0
2012,"OTB",0
2012,"OTB",0
2012,"OTB",0
2012,"OTB",0
2012,"OTB",0
2012,"OTB",0
2012,"OTB",0
2012,"OTB",0
2012,"OTB",0
2012,"OTB",0
2012,"OTB",0
2012,"OTB",0
2012,"OTB",0
2012,"OTB",0
2012,"OTB",0
2012,"OTB",0
2012,"OTB",0
2012,"OTB",0
2012,"OTB",0
2012,"OTB",28.233654
2012,"OTB",33.880385
2012,"OTB",16.940192
2012,"OTB",11.293462
2012,"OTB",39.527115
2012,"OTB",103.076283
2012,"OTB",164.187824
2012,"OTB",306.545689
2012,"OTB",569.440574
2012,"OTB",760.606359
2012,"OTB",512.292193
2012,"OTB",496.662298
2012,"OTB",601.927693
2012,"OTB",486.83071
2012,"OTB",634.366949
2012,"OTB",570.389086
2012,"OTB",567.68549
2012,"OTB",675.039199
2012,"OTB",774.972398
2012,"OTB",548.072916
2012,"OTB",439.135354
2012,"OTB",423.850822
2012,"OTB",388.092362
2012,"OTB",416.864637
2012,"OTB",285.934049
2012,"OTB",175.435917
2012,"OTB",116.728185
2012,"OTB",71.918909
2012,"OTB",68.971151
2012,"OTB",38.53481
2012,"OTB",12.674106
2012,"OTB",3.466455
2012,"OTB",0
2012,"OTB",0
2012,"OTB",0
2012,"OTB",0
2012,"OTB",0
2012,"OTB",0
2012,"OTB",0
2012,"OTB",0
2012,"OTB",0
2012,"OTB",0
2012,"OTB",0
2012,"OTB",0
2012,"OTB",0
2012,"OTB",0
2012,"OTB",0
2012,"OTB",0
2012,"OTB",0
2012,"OTB",0
2012,"OTB",0
2012,"OTB",0
2012,"OTB",0
2012,"OTB",0
2012,"OTB",0
2012,"OTB",0
2012,"OTB",0
2012,"OTB",0
2012,"OTB",0
2012,"OTB",0
2012,"OTB",0
2012,"OTB",0
2012,"OTB",0
2012,"OTB",0
2012,"OTB",0
2012,"OTB",0
2012,"OTB",0
2012,"OTB",0
2012,"OTB",0
2012,"OTB",0
2012,"OTB",0
2012,"OTB",0
2012,"OTB",0
2012,"OTB",0
2012,"OTB",0
2012,"OTB",0
2012,"OTB",0
2012,"OTB",0
2012,"OTB",0
2012,"OTB",0
2012,"OTB",0
2012,"OTB",0
2012,"OTB",0
2012,"OTB",0
2012,"OTB",0
2012,"OTB",0
2012,"OTB",0
2012,"OTB",0
2012,"OTB",0
2012,"GTR",0
2012,"GTR",0
2012,"GTR",0
2012,"GTR",0
2012,"GTR",0
2012,"GTR",0
2012,"GTR",0
2012,"GTR",0
2012,"GTR",0
2012,"GTR",0
2012,"GTR",0
2012,"GTR",0
2012,"GTR",0
2012,"GTR",0
2012,"GTR",0
2012,"GTR",0
2012,"GTR",0
2012,"GTR",0
2012,"GTR",0
2012,"GTR",0
2012,"GTR",0
2012,"GTR",0
2012,"GTR",0
2012,"GTR",0
2012,"GTR",0
2012,"GTR",0
2012,"GTR",0
2012,"GTR",0
2012,"GTR",0
2012,"GTR",0
2012,"GTR",0
2012,"GTR",0
2012,"GTR",0
2012,"GTR",0
2012,"GTR",0
2012,"GTR",0
2012,"GTR",0
2012,"GTR",0
2012,"GTR",0
2012,"GTR",0
2012,"GTR",0
2012,"GTR",0
2012,"GTR",0
2012,"GTR",0
2012,"GTR",0
2012,"GTR",0
2012,"GTR",0
2012,"GTR",0
2012,"GTR",0
2012,"GTR",0
2012,"GTR",0
2012,"GTR",0
2012,"GTR",0
2012,"GTR",0
2012,"GTR",0
2012,"GTR",0
2012,"GTR",0
2012,"GTR",0
2012,"GTR",0
2012,"GTR",0
2012,"GTR",0
2012,"GTR",0
2012,"GTR",0
2012,"GTR",0
2012,"GTR",0
2012,"GTR",0
2012,"GTR",0
2012,"GTR",0
2012,"GTR",0
2012,"GTR",0
2012,"GTR",0
2012,"GTR",0
2012,"GTR",0
2012,"GTR",0
2012,"GTR",0
2012,"GTR",0
2012,"GTR",0
2012,"GTR",0
2012,"GTR",0
2012,"GTR",0
2012,"GTR",0
2012,"GTR",0
2012,"GTR",0
2012,"GTR",0
2012,"GTR",0
2012,"GTR",0
2012,"GTR",0
2012,"GTR",0
2012,"GTR",0
2012,"GTR",0
2012,"GTR",0
2012,"GTR",0
2012,"GTR",0
2012,"GTR",0
2012,"GTR",0
2012,"GTR",0
2012,"GTR",0
2012,"GTR",0
2012,"GTR",0
2012,"GTR",0
2012,"GTR",0
2011,"OTB",0
2011,"OTB",0
2011,"OTB",0
2011,"OTB",0
2011,"OTB",0
2011,"OTB",0
2011,"OTB",0
2011,"OTB",23.413008
2011,"OTB",331.937871
2011,"OTB",1327.751485
2011,"OTB",995.813614
2011,"OTB",4021.861843
2011,"OTB",4663.145013
2011,"OTB",5680.81561
2011,"OTB",5186.249852
2011,"OTB",1399.297288
2011,"OTB",3597.515352
2011,"OTB",1863.637652
2011,"OTB",1549.261932
2011,"OTB",1571.921147
2011,"OTB",1434.780814
2011,"OTB",1280.956081
2011,"OTB",1556.526387
2011,"OTB",2014.672645
2011,"OTB",2631.69418
2011,"OTB",2627.384602
2011,"OTB",2522.183487
2011,"OTB",1749.669493
2011,"OTB",1476.481525
2011,"OTB",1700.987927
2011,"OTB",2099.905194
2011,"OTB",2390.530066
2011,"OTB",1955.049259
2011,"OTB",1495.109804
2011,"OTB",1300.361152
2011,"OTB",762.055748
2011,"OTB",392.543364
2011,"OTB",298.697288
2011,"OTB",400.200183
2011,"OTB",175.471757
2011,"OTB",68.369902
2011,"OTB",90.402962
2011,"OTB",7.957768
2011,"OTB",0
2011,"OTB",0
2011,"OTB",0
2011,"OTB",0
2011,"OTB",0
2011,"OTB",0
2011,"OTB",0
2011,"OTB",0
2011,"OTB",0
2011,"OTB",0
2011,"OTB",0
2011,"OTB",0
2011,"OTB",0
2011,"OTB",0
2011,"OTB",0
2011,"OTB",0
2011,"OTB",0
2011,"OTB",0
2011,"OTB",0
2011,"OTB",0
2011,"OTB",0
2011,"OTB",0
2011,"OTB",0
2011,"OTB",0
2011,"OTB",0
2011,"OTB",0
2011,"OTB",0
2011,"OTB",0
2011,"OTB",0
2011,"OTB",0
2011,"OTB",0
2011,"OTB",0
2011,"OTB",0
2011,"OTB",0
2011,"OTB",0
2011,"OTB",0
2011,"OTB",0
2011,"OTB",0
2011,"OTB",0
2011,"OTB",0
2011,"OTB",0
2011,"OTB",0
2011,"OTB",0
2011,"OTB",0
2011,"OTB",0
2011,"OTB",0
2011,"OTB",0
2011,"OTB",0
2011,"OTB",0
2011,"OTB",0
2011,"OTB",0
2011,"OTB",0
2011,"OTB",0
2011,"OTB",0
2011,"OTB",0
2011,"OTB",0
2011,"OTB",0
2011,"OTB",0
2011,"OTB",0
2011,"OTB",0
2011,"OTB",0
2011,"OTB",0
2011,"OTB",0
2011,"OTB",0
2011,"OTB",0
2011,"OTB",0
2011,"OTB",0
2011,"OTB",0
2011,"OTB",0
2011,"OTB",0
2011,"OTB",0
2011,"OTB",0
2011,"OTB",0
2011,"OTB",0
2011,"OTB",0
2011,"OTB",0
2011,"OTB",0
2011,"OTB",0
2011,"OTB",0
2011,"OTB",0
2011,"OTB",0
2011,"OTB",0
2011,"OTB",0
2011,"OTB",0
2011,"OTB",0
2011,"OTB",0
2011,"OTB",0
2011,"OTB",0
2011,"OTB",0
2011,"OTB",0
2011,"OTB",0
2011,"OTB",0
2011,"OTB",0
2011,"OTB",0
2011,"OTB",0
2011,"OTB",0
2011,"OTB",0
2011,"OTB",0
2011,"OTB",0
2011,"OTB",0
2011,"OTB",0
2011,"OTB",0
2011,"OTB",0
2011,"OTB",0
2011,"OTB",0
2011,"OTB",0
2011,"OTB",0
2011,"OTB",0
2011,"OTB",0
2011,"OTB",0
2011,"OTB",0
2011,"OTB",0
2011,"OTB",0
2011,"OTB",0
2011,"OTB",0
2011,"OTB",0
2011,"OTB",0
2011,"OTB",0
2011,"OTB",0
2011,"OTB",0
2011,"OTB",0
2011,"OTB",0
2011,"OTB",0
2011,"OTB",0
2011,"OTB",0
2011,"OTB",0
2011,"OTB",0
2011,"OTB",0
2011,"OTB",0
2011,"OTB",0
2011,"OTB",0
2011,"OTB",0
2011,"OTB",0
2011,"OTB",0
2011,"OTB",0
2011,"OTB",0
2011,"OTB",0
2011,"OTB",0
2011,"OTB",0
2011,"OTB",0
2011,"OTB",0
2011,"OTB",0
2011,"OTB",0
2011,"OTB",0
2011,"OTB",0
2011,"OTB",0
2011,"OTB",0
2011,"OTB",0
2011,"OTB",0
2011,"OTB",0
2011,"OTB",0
2011,"OTB",0
2011,"OTB",0
2011,"OTB",0
2011,"OTB",0
2011,"OTB",0
2011,"OTB",0
2011,"OTB",0
2011,"OTB",0
2011,"OTB",0
2011,"OTB",0
2011,"OTB",0
2011,"OTB",0
2011,"OTB",0
2011,"OTB",0
2011,"OTB",0
2011,"OTB",12.5835
2011,"OTB",88.084502
2011,"OTB",152.625043
2011,"OTB",136.735378
2011,"OTB",411.715598
2011,"OTB",516.26496
2011,"OTB",870.405545
2011,"OTB",489.730301
2011,"OTB",248.644736
2011,"OTB",169.762993
2011,"OTB",70.779984
2011,"OTB",66.329608
2011,"OTB",52.488617
2011,"OTB",113.563975
2011,"OTB",161.22635
2011,"OTB",188.993632
2011,"OTB",350.4996
2011,"OTB",585.317697
2011,"OTB",934.780517
2011,"OTB",976.986766
2011,"OTB",769.941607
2011,"OTB",654.299739
2011,"OTB",563.013111
2011,"OTB",598.42765
2011,"OTB",514.94311
2011,"OTB",703.740857
2011,"OTB",598.404516
2011,"OTB",460.780144
2011,"OTB",347.8232
2011,"OTB",210.96291
2011,"OTB",145.200642
2011,"OTB",119.334538
2011,"OTB",64.247762
2011,"OTB",56.795986
2011,"OTB",45.518076
2011,"OTB",13.121349
2011,"OTB",8.851098
2011,"OTB",10.368927
2011,"OTB",7.273418
2011,"OTB",5.761907
2011,"OTB",3.140345
2011,"OTB",0
2011,"OTB",0
2011,"OTB",0
2011,"OTB",0
2011,"OTB",0
2011,"OTB",0
2011,"OTB",0
2011,"OTB",0
2011,"OTB",0
2011,"OTB",0
2011,"OTB",0
2011,"OTB",0
2011,"OTB",0
2011,"OTB",0
2011,"OTB",0
2011,"OTB",0
2011,"OTB",0
2011,"OTB",0
2011,"OTB",0
2011,"OTB",0
2011,"OTB",0
2011,"OTB",0
2011,"OTB",0
2011,"OTB",0
2011,"OTB",0
2011,"OTB",0
2011,"OTB",0
2011,"OTB",0
2011,"OTB",0
2011,"OTB",0
2011,"OTB",0
2011,"OTB",0
2011,"OTB",0
2011,"OTB",0
2011,"OTB",0
2011,"OTB",0
2011,"OTB",0
2011,"OTB",0
2011,"OTB",0
2011,"OTB",0
2011,"OTB",0
2011,"OTB",0
2011,"OTB",0
2011,"OTB",0
2011,"OTB",0
2011,"OTB",0
2011,"OTB",0
2011,"OTB",0
2011,"OTB",0
2011,"OTB",0
2011,"OTB",0
2011,"OTB",0
2011,"OTB",0
2010,"OTB",0
2010,"OTB",0
2010,"OTB",0
2010,"OTB",0
2010,"OTB",0
2010,"OTB",0
2010,"OTB",0
2010,"OTB",0
2010,"OTB",0
2010,"OTB",130.45957
2010,"OTB",80.110837
2010,"OTB",200.45792
2010,"OTB",149.383069
2010,"OTB",191.888564
2010,"OTB",384.024169
2010,"OTB",818.015717
2010,"OTB",1496.507616
2010,"OTB",2337.760194
2010,"OTB",2730.655533
2010,"OTB",2868.126051
2010,"OTB",4399.499914
2010,"OTB",3873.969459
2010,"OTB",3927.578031
2010,"OTB",3143.83467
2010,"OTB",2659.812967
2010,"OTB",2447.174141
2010,"OTB",2256.882916
2010,"OTB",1985.651642
2010,"OTB",1744.911384
2010,"OTB",1346.683404
2010,"OTB",1084.334679
2010,"OTB",566.331756
2010,"OTB",291.726829
2010,"OTB",191.398306
2010,"OTB",148.503185
2010,"OTB",175.223215
2010,"OTB",154.24962
2010,"OTB",124.955817
2010,"OTB",133.658617
2010,"OTB",98.510006
2010,"OTB",62.132843
2010,"OTB",69.125221
2010,"OTB",43.408222
2010,"OTB",14.078214
2010,"OTB",10.55866
2010,"OTB",14.078214
2010,"OTB",10.55866
2010,"OTB",0
2010,"OTB",0
2010,"OTB",0
2010,"OTB",0
2010,"OTB",0
2010,"OTB",0
2010,"OTB",0
2010,"OTB",0
2010,"OTB",0
2010,"OTB",0
2010,"OTB",0
2010,"OTB",0
2010,"OTB",0
2010,"OTB",0
2010,"OTB",0
2010,"OTB",0
2010,"OTB",0
2010,"OTB",0
2010,"OTB",0
2010,"OTB",0
2010,"OTB",0
2010,"OTB",0
2010,"OTB",0
2010,"OTB",0
2010,"OTB",0
2010,"OTB",0
2010,"OTB",0
2010,"OTB",0
2010,"OTB",0
2010,"OTB",0
2010,"OTB",0
2010,"OTB",0
2010,"OTB",0
2010,"OTB",0
2010,"OTB",0
2010,"OTB",0
2010,"OTB",0
2010,"OTB",0
2010,"OTB",0
2010,"OTB",0
2010,"OTB",0
2010,"OTB",0
2010,"OTB",0
2010,"OTB",0
2010,"OTB",0
2010,"OTB",0
2010,"OTB",0
2010,"OTB",0
2010,"OTB",0
2010,"OTB",0
2010,"OTB",0
2010,"OTB",0
2010,"OTB",0
2010,"OTB",0
2010,"OTB",0
2010,"OTB",0
2010,"OTB",0
2010,"OTB",0
2010,"OTB",0
2010,"OTB",0
2010,"OTB",0
2010,"OTB",0
2010,"OTB",0
2010,"OTB",0
2010,"OTB",0
2010,"OTB",0
2010,"OTB",0
2010,"OTB",0
2010,"OTB",0
2010,"OTB",0
2010,"OTB",0
2010,"OTB",0
2010,"OTB",0
2010,"OTB",0
2010,"OTB",0
2010,"OTB",0
2010,"OTB",0
2010,"OTB",0
2010,"OTB",0
2010,"OTB",0
2010,"OTB",0
2010,"OTB",0
2010,"OTB",0
2010,"OTB",0
2010,"OTB",0
2010,"OTB",0
2010,"OTB",0
2010,"OTB",0
2010,"OTB",0
2010,"OTB",0
2010,"OTB",0
2010,"OTB",0
2010,"OTB",0
2010,"OTB",0
2010,"OTB",0
2010,"OTB",0
2010,"OTB",0
2010,"OTB",0
2010,"OTB",0
2010,"OTB",0
2010,"OTB",0
2010,"OTB",0
2010,"OTB",0
2010,"OTB",0
2010,"OTB",0
2010,"OTB",0
2010,"OTB",0
2010,"OTB",0
2010,"OTB",0
2010,"OTB",0
2010,"OTB",0
2010,"OTB",0
2010,"OTB",0
2010,"OTB",0
2010,"OTB",0
2010,"OTB",0
2010,"OTB",0
2010,"OTB",0
2010,"OTB",0
2010,"OTB",0
2010,"OTB",0
2010,"OTB",0
2010,"OTB",0
2010,"OTB",0
2010,"OTB",0
2010,"OTB",0
2010,"OTB",0
2010,"OTB",0
2010,"OTB",0
2010,"OTB",0
2010,"OTB",0
2010,"OTB",0
2010,"OTB",0
2010,"OTB",0
2010,"OTB",0
2010,"OTB",0
2010,"OTB",0
2010,"OTB",0
2010,"OTB",0
2010,"OTB",0
2010,"OTB",0
2010,"OTB",0
2010,"OTB",0
2010,"OTB",0
2010,"OTB",0
2010,"OTB",0
2010,"OTB",0
2010,"OTB",0
2010,"OTB",0
2010,"OTB",0
2010,"OTB",0
2010,"OTB",0
2010,"OTB",0
2010,"OTB",0
2010,"OTB",0
2010,"OTB",0
2010,"OTB",0
2010,"OTB",0
2010,"OTB",0
2010,"OTB",0
2010,"OTB",0
2010,"OTB",0
2010,"OTB",0
2010,"OTB",0
2010,"OTB",0
2010,"OTB",0
2010,"OTB",0
2010,"OTB",0
2010,"OTB",0
2010,"OTB",3.310774
2010,"OTB",7.863089
2010,"OTB",3.561829
2010,"OTB",15.635292
2010,"OTB",17.608566
2010,"OTB",16.730397
2010,"OTB",32.424081
2010,"OTB",122.630361
2010,"OTB",277.130939
2010,"OTB",394.909496
2010,"OTB",418.716292
2010,"OTB",441.163961
2010,"OTB",616.183453
2010,"OTB",696.490926
2010,"OTB",752.711214
2010,"OTB",774.582762
2010,"OTB",809.362749
2010,"OTB",598.043095
2010,"OTB",574.572477
2010,"OTB",530.10113
2010,"OTB",509.851502
2010,"OTB",502.162476
2010,"OTB",479.422025
2010,"OTB",378.235998
2010,"OTB",319.243114
2010,"OTB",159.259756
2010,"OTB",90.305253
2010,"OTB",92.227319
2010,"OTB",36.561815
2010,"OTB",1.004219
2010,"OTB",1.004219
2010,"OTB",2.008439
2010,"OTB",1.004219
2010,"OTB",1.004219
2010,"OTB",0
2010,"OTB",0
2010,"OTB",0
2010,"OTB",0
2010,"OTB",0
2010,"OTB",0
2010,"OTB",0
2010,"OTB",0
2010,"OTB",0
2010,"OTB",0
2010,"OTB",0
2010,"OTB",0
2010,"OTB",0
2010,"OTB",0
2010,"OTB",0
2010,"OTB",0
2010,"OTB",0
2010,"OTB",0
2010,"OTB",0
2010,"OTB",0
2010,"OTB",0
2010,"OTB",0
2010,"OTB",0
2010,"OTB",0
2010,"OTB",0
2010,"OTB",0
2010,"OTB",0
2010,"OTB",0
2010,"OTB",0
2010,"OTB",0
2010,"OTB",0
2010,"OTB",0
2010,"OTB",0
2010,"OTB",0
2010,"OTB",0
2010,"OTB",0
2010,"OTB",0
2010,"OTB",0
2010,"OTB",0
2010,"OTB",0
2010,"OTB",0
2010,"OTB",0
2010,"OTB",0
2010,"OTB",0
2010,"OTB",0
2010,"OTB",0
2010,"OTB",0
2010,"OTB",0
2010,"OTB",0
2010,"OTB",0
2010,"OTB",0
2010,"OTB",0
2010,"OTB",0
2009,"OTB",0
2009,"OTB",0
2009,"OTB",0
2009,"OTB",0
2009,"OTB",0
2009,"OTB",0
2009,"OTB",0
2009,"OTB",0
2009,"OTB",74.269684
2009,"OTB",114.894545
2009,"OTB",442.023121
2009,"OTB",444.823524
2009,"OTB",471.195383
2009,"OTB",768.186081
2009,"OTB",1309.541223
2009,"OTB",2123.161491
2009,"OTB",2117.369177
2009,"OTB",2009.171824
2009,"OTB",2192.118793
2009,"OTB",1845.314938
2009,"OTB",1891.40712
2009,"OTB",1325.631948
2009,"OTB",1749.234993
2009,"OTB",1875.862513
2009,"OTB",1783.991386
2009,"OTB",1396.507638
2009,"OTB",1072.373335
2009,"OTB",937.638612
2009,"OTB",764.298217
2009,"OTB",655.619392
2009,"OTB",818.598843
2009,"OTB",856.2122
2009,"OTB",1088.556567
2009,"OTB",966.122683
2009,"OTB",677.684834
2009,"OTB",473.29036
2009,"OTB",511.99891
2009,"OTB",157.64992
2009,"OTB",138.334756
2009,"OTB",239.583269
2009,"OTB",72.644848
2009,"OTB",36.463522
2009,"OTB",10.811171
2009,"OTB",3.492042
2009,"OTB",0
2009,"OTB",3.492042
2009,"OTB",1.746021
2009,"OTB",0
2009,"OTB",0
2009,"OTB",0
2009,"OTB",0
2009,"OTB",0
2009,"OTB",0
2009,"OTB",0
2009,"OTB",0
2009,"OTB",0
2009,"OTB",0
2009,"OTB",0
2009,"OTB",0
2009,"OTB",0
2009,"OTB",0
2009,"OTB",0
2009,"OTB",0
2009,"OTB",0
2009,"OTB",0
2009,"OTB",0
2009,"OTB",0
2009,"OTB",0
2009,"OTB",0
2009,"OTB",0
2009,"OTB",0
2009,"OTB",0
2009,"OTB",0
2009,"OTB",0
2009,"OTB",0
2009,"OTB",0
2009,"OTB",0
2009,"OTB",0
2009,"OTB",0
2009,"OTB",0
2009,"OTB",0
2009,"OTB",0
2009,"OTB",0
2009,"OTB",0
2009,"OTB",0
2009,"OTB",0
2009,"OTB",0
2009,"OTB",0
2009,"OTB",0
2009,"OTB",0
2009,"OTB",0
2009,"OTB",0
2009,"OTB",0
2009,"OTB",0
2009,"OTB",0
2009,"OTB",0
2009,"OTB",0
2009,"OTB",0
2009,"OTB",0
2009,"OTB",0
2009,"OTB",0
2009,"OTB",0
2009,"OTB",0
2009,"OTB",0
2009,"OTB",0
2009,"OTB",0
2009,"OTB",0
2009,"OTB",0
2009,"OTB",0
2009,"OTB",0
2009,"OTB",0
2009,"OTB",0
2009,"OTB",0
2009,"OTB",0
2009,"OTB",0
2009,"OTB",0
2009,"OTB",0
2009,"OTB",0
2009,"OTB",0
2009,"OTB",0.814609
2009,"OTB",0
2009,"OTB",0
2009,"OTB",13.685224
2009,"OTB",60.929486
2009,"OTB",120.948812
2009,"OTB",165.614085
2009,"OTB",195.137827
2009,"OTB",233.527755
2009,"OTB",243.524067
2009,"OTB",384.748229
2009,"OTB",240.341488
2009,"OTB",224.221686
2009,"OTB",229.854246
2009,"OTB",326.866521
2009,"OTB",362.339934
2009,"OTB",254.869268
2009,"OTB",185.41325
2009,"OTB",136.994621
2009,"OTB",86.568998
2009,"OTB",74.722235
2009,"OTB",147.391019
2009,"OTB",59.33291
2009,"OTB",22.891779
2009,"OTB",5.189212
2009,"OTB",6.295595
2009,"OTB",7.331481
2009,"OTB",5.702263
2009,"OTB",4.073045
2009,"OTB",7.331481
2009,"OTB",4.887654
2009,"OTB",0.814609
2009,"OTB",0
2009,"OTB",0
2009,"OTB",0
2009,"OTB",0
2009,"OTB",0
2009,"OTB",0
2009,"OTB",0
2009,"OTB",0
2009,"OTB",0
2009,"OTB",0
2009,"OTB",0
2009,"OTB",0
2009,"OTB",0
2009,"OTB",0
2009,"OTB",0
2009,"OTB",0
2009,"OTB",0
2009,"OTB",0
2009,"OTB",0
2009,"OTB",0
2009,"OTB",0
2009,"OTB",0
2009,"OTB",0
2009,"OTB",0
2009,"OTB",0
2009,"OTB",0
2009,"OTB",0
2009,"OTB",0
2009,"OTB",0
2009,"OTB",0
2009,"OTB",0
2009,"OTB",0
2009,"OTB",0
2009,"OTB",0
2009,"OTB",0
2009,"OTB",0
2009,"OTB",0
2009,"OTB",0
2009,"OTB",0
2009,"OTB",0
2009,"OTB",0
2009,"OTB",0
2009,"OTB",0
2009,"OTB",0
2009,"OTB",0
2009,"OTB",0
2009,"OTB",0
2009,"OTB",0
2009,"OTB",0
2009,"OTB",0
2009,"OTB",0
2008,"OTB",0
2008,"OTB",0
2008,"OTB",0
2008,"OTB",0
2008,"OTB",0
2008,"OTB",0
2008,"OTB",0
2008,"OTB",0
2008,"OTB",0
2008,"OTB",0
2008,"OTB",0
2008,"OTB",0
2008,"OTB",0
2008,"OTB",49.08678
2008,"OTB",188.074018
2008,"OTB",229.932698
2008,"OTB",543.122611
2008,"OTB",730.11636
2008,"OTB",1187.44005
2008,"OTB",1340.114482
2008,"OTB",1275.033547
2008,"OTB",1495.834155
2008,"OTB",1643.831307
2008,"OTB",1190.428849
2008,"OTB",1033.779058
2008,"OTB",962.92737
2008,"OTB",818.885259
2008,"OTB",927.780429
2008,"OTB",1375.484602
2008,"OTB",955.091544
2008,"OTB",711.56073
2008,"OTB",494.551111
2008,"OTB",545.912865
2008,"OTB",391.264563
2008,"OTB",217.768415
2008,"OTB",260.126432
2008,"OTB",260.743357
2008,"OTB",174.771506
2008,"OTB",160.148399
2008,"OTB",57.254853
2008,"OTB",46.171061
2008,"OTB",3.191312
2008,"OTB",1.587076
2008,"OTB",31.870218
2008,"OTB",2.406354
2008,"OTB",7.93538
2008,"OTB",0
2008,"OTB",0
2008,"OTB",0
2008,"OTB",0
2008,"OTB",0
2008,"OTB",0
2008,"OTB",0
2008,"OTB",0
2008,"OTB",0
2008,"OTB",0
2008,"OTB",0
2008,"OTB",0
2008,"OTB",0
2008,"OTB",0
2008,"OTB",0
2008,"OTB",0
2008,"OTB",0
2008,"OTB",0
2008,"OTB",0
2008,"OTB",0
2008,"OTB",0
2008,"OTB",0
2008,"OTB",0
2008,"OTB",0
2008,"OTB",0
2008,"OTB",0
2008,"OTB",0
2008,"OTB",0
2008,"OTB",0
2008,"OTB",0
2008,"OTB",0
2008,"OTB",0
2008,"OTB",0
2008,"OTB",0
2008,"OTB",0
2008,"OTB",0
2008,"OTB",0
2008,"OTB",0
2008,"OTB",0
2008,"OTB",0
2008,"OTB",0
2008,"OTB",0
2008,"OTB",0
2008,"OTB",0
2008,"OTB",0
2008,"OTB",0
2008,"OTB",0
2008,"OTB",0
2008,"OTB",0
2008,"OTB",0
2008,"OTB",0
2008,"OTB",0
2008,"OTB",0
2008,"OTB",0
2008,"OTB",0
2008,"OTB",0
2008,"OTB",0
2008,"OTB",0
2008,"OTB",0
2008,"OTB",0
2008,"OTB",0
2008,"OTB",0
2008,"OTB",0
2008,"OTB",0
2008,"OTB",0
2008,"OTB",0
2008,"OTB",0
2008,"OTB",0
2008,"OTB",0
2008,"OTB",0
2008,"OTB",0
2008,"OTB",0
2008,"OTB",0
2008,"OTB",0
2008,"OTB",0
2008,"OTB",0
2008,"OTB",0
2008,"OTB",0
2008,"OTB",0
2008,"OTB",0
2008,"OTB",0
2008,"OTB",0
2008,"OTB",0
2008,"OTB",0
2008,"OTB",0
2008,"OTB",0
2008,"OTB",0
2008,"OTB",0
2008,"OTB",0
2008,"OTB",0
2008,"OTB",0
2008,"OTB",0
2008,"OTB",0
2008,"OTB",0
2008,"OTB",0
2008,"OTB",0
2008,"OTB",0
2008,"OTB",0
2008,"OTB",0
2008,"OTB",0
2008,"OTB",0
2008,"OTB",0
2008,"OTB",0
2008,"OTB",0
2008,"OTB",0
2008,"OTB",0
2008,"OTB",0
2008,"OTB",0
2008,"OTB",0
2008,"OTB",0
2008,"OTB",0
2008,"OTB",0
2008,"OTB",0
2008,"OTB",0
2008,"OTB",0
2008,"OTB",0
2008,"OTB",0
2008,"OTB",0
2008,"OTB",0
2008,"OTB",0
2008,"OTB",0
2008,"OTB",0
2008,"OTB",0
2008,"OTB",0
2008,"OTB",0
2008,"OTB",0
2008,"OTB",0
2008,"OTB",0
2008,"OTB",0
2008,"OTB",0
2008,"OTB",0
2008,"OTB",0
2008,"OTB",0
2008,"OTB",0
2008,"OTB",0
2008,"OTB",0
2008,"OTB",0
2008,"OTB",0
2008,"OTB",0
2008,"OTB",0
2008,"OTB",0
2008,"OTB",0
2008,"OTB",0
2008,"OTB",0
2008,"OTB",0
2008,"OTB",0
2008,"OTB",0
2008,"OTB",0
2008,"OTB",0
2008,"OTB",0
2008,"OTB",0
2008,"OTB",0
2008,"OTB",0
2008,"OTB",0
2008,"OTB",0
2008,"OTB",0
2008,"OTB",0
2008,"OTB",0
2008,"OTB",0
2008,"OTB",0
2008,"OTB",0
2008,"OTB",0
2008,"OTB",0
2008,"OTB",0
2008,"OTB",0
2008,"OTB",0
2008,"OTB",0
2008,"OTB",0
2008,"OTB",0
2008,"OTB",0
2008,"OTB",0
2008,"OTB",13.695208
2008,"OTB",33.270075
2008,"OTB",51.207704
2008,"OTB",54.66911
2008,"OTB",61.293266
2008,"OTB",71.687504
2008,"OTB",116.495105
2008,"OTB",212.601213
2008,"OTB",237.136336
2008,"OTB",278.651007
2008,"OTB",233.576901
2008,"OTB",163.105735
2008,"OTB",223.602824
2008,"OTB",284.254755
2008,"OTB",214.817161
2008,"OTB",273.01404
2008,"OTB",344.431116
2008,"OTB",421.866421
2008,"OTB",267.030601
2008,"OTB",249.339283
2008,"OTB",143.312035
2008,"OTB",110.687615
2008,"OTB",63.103579
2008,"OTB",89.293831
2008,"OTB",78.84866
2008,"OTB",53.210869
2008,"OTB",37.456811
2008,"OTB",22.639141
2008,"OTB",22.639141
2008,"OTB",8.770249
2008,"OTB",0
2008,"OTB",0
2008,"OTB",0
2008,"OTB",0
2008,"OTB",0
2008,"OTB",0
2008,"OTB",0
2008,"OTB",0
2008,"OTB",0
2008,"OTB",0
2008,"OTB",0
2008,"OTB",0
2008,"OTB",0
2008,"OTB",0
2008,"OTB",0
2008,"OTB",0
2008,"OTB",0
2008,"OTB",0
2008,"OTB",0
2008,"OTB",0
2008,"OTB",0
2008,"OTB",0
2008,"OTB",0
2008,"OTB",0
2008,"OTB",0
2008,"OTB",0
2008,"OTB",0
2008,"OTB",0
2008,"OTB",0
2008,"OTB",0
2008,"OTB",0
2008,"OTB",0
2008,"OTB",0
2008,"OTB",0
2008,"OTB",0
2008,"OTB",0
2008,"OTB",0
2008,"OTB",0
2008,"OTB",0
2008,"OTB",0
2008,"OTB",0
2008,"OTB",0
2008,"OTB",0
2008,"OTB",0
2008,"OTB",0
2008,"OTB",0
2008,"OTB",0
2008,"OTB",0
2008,"OTB",0
2008,"OTB",0
2008,"OTB",0
2008,"OTB",0
2008,"OTB",0
2008,"OTB",0
2008,"OTB",0
2008,"OTB",0
2008,"GNS",0
2008,"GNS",0
2008,"GNS",0
2008,"GNS",0
2008,"GNS",0
2008,"GNS",0
2008,"GNS",0
2008,"GNS",0
2008,"GNS",0
2008,"GNS",0
2008,"GNS",0
2008,"GNS",0
2008,"GNS",0
2008,"GNS",0
2008,"GNS",0
2008,"GNS",0
2008,"GNS",0
2008,"GNS",0
2008,"GNS",0
2008,"GNS",0
2008,"GNS",0
2008,"GNS",0
2008,"GNS",0
2008,"GNS",0
2008,"GNS",0
2008,"GNS",0
2008,"GNS",0
2008,"GNS",0
2008,"GNS",0
2008,"GNS",0
2008,"GNS",0
2008,"GNS",0
2008,"GNS",0
2008,"GNS",0
2008,"GNS",0
2008,"GNS",0
2008,"GNS",0
2008,"GNS",0
2008,"GNS",0
2008,"GNS",0
2008,"GNS",0
2008,"GNS",0
2008,"GNS",0
2008,"GNS",0
2008,"GNS",0
2008,"GNS",0
2008,"GNS",0
2008,"GNS",0
2008,"GNS",0
2008,"GNS",0
2008,"GNS",0
2008,"GNS",0
2008,"GNS",0
2008,"GNS",0
2008,"GNS",0
2008,"GNS",0
2008,"GNS",0
2008,"GNS",0
2008,"GNS",0
2008,"GNS",0
2008,"GNS",0
2008,"GNS",0
2008,"GNS",0
2008,"GNS",0
2008,"GNS",0
2008,"GNS",0
2008,"GNS",0
2008,"GNS",0
2008,"GNS",0
2008,"GNS",0
2008,"GNS",0
2008,"GNS",0
2008,"GNS",0
2008,"GNS",0
2008,"GNS",0
2008,"GNS",0
2008,"GNS",0
2008,"GNS",0
2008,"GNS",0
2008,"GNS",0
2008,"GNS",0
2008,"GNS",0
2008,"GNS",0
2008,"GNS",0
2008,"GNS",0
2008,"GNS",0
2008,"GNS",0
2008,"GNS",0
2008,"GNS",0
2008,"GNS",0
2008,"GNS",0
2008,"GNS",0
2008,"GNS",0
2008,"GNS",0
2008,"GNS",0
2008,"GNS",0
2008,"GNS",0
2008,"GNS",0
2008,"GNS",0
2008,"GNS",0
2008,"GNS",0
2007,"OTB",0
2007,"OTB",0
2007,"OTB",0
2007,"OTB",0
2007,"OTB",0
2007,"OTB",0
2007,"OTB",0
2007,"OTB",0
2007,"OTB",0
2007,"OTB",0
2007,"OTB",0
2007,"OTB",0.308403
2007,"OTB",0
2007,"OTB",6.092366
2007,"OTB",6.488592
2007,"OTB",7.4138
2007,"OTB",25.758736
2007,"OTB",48.970378
2007,"OTB",104.960787
2007,"OTB",262.328002
2007,"OTB",341.457967
2007,"OTB",435.665975
2007,"OTB",473.342423
2007,"OTB",652.970841
2007,"OTB",387.53026
2007,"OTB",554.928235
2007,"OTB",371.230606
2007,"OTB",320.456827
2007,"OTB",237.775184
2007,"OTB",266.717472
2007,"OTB",146.0306
2007,"OTB",184.47245
2007,"OTB",474.244033
2007,"OTB",858.737199
2007,"OTB",309.631532
2007,"OTB",247.069217
2007,"OTB",163.007121
2007,"OTB",99.351762
2007,"OTB",83.497442
2007,"OTB",12.826817
2007,"OTB",9.541946
2007,"OTB",4.557867
2007,"OTB",1.915889
2007,"OTB",0
2007,"OTB",0
2007,"OTB",0
2007,"OTB",0
2007,"OTB",0
2007,"OTB",0
2007,"OTB",0
2007,"OTB",0
2007,"OTB",0
2007,"OTB",0
2007,"OTB",0
2007,"OTB",0
2007,"OTB",0
2007,"OTB",0
2007,"OTB",0
2007,"OTB",0
2007,"OTB",0
2007,"OTB",0
2007,"OTB",0
2007,"OTB",0
2007,"OTB",0
2007,"OTB",0
2007,"OTB",0
2007,"OTB",0
2007,"OTB",0
2007,"OTB",0
2007,"OTB",0
2007,"OTB",0
2007,"OTB",0
2007,"OTB",0
2007,"OTB",0
2007,"OTB",0
2007,"OTB",0
2007,"OTB",0
2007,"OTB",0
2007,"OTB",0
2007,"OTB",0
2007,"OTB",0
2007,"OTB",0
2007,"OTB",0
2007,"OTB",0
2007,"OTB",0
2007,"OTB",0
2007,"OTB",0
2007,"OTB",0
2007,"OTB",0
2007,"OTB",0
2007,"OTB",0
2007,"OTB",0
2007,"OTB",0
2007,"OTB",0
2007,"OTB",0
2007,"OTB",0
2007,"OTB",0
2007,"OTB",0
2007,"OTB",0
2007,"OTB",0
2007,"OTB",0
2007,"OTB",0
2007,"OTB",0
2007,"OTB",0
2007,"OTB",0
2007,"OTB",0
2007,"OTB",0
2007,"OTB",0
2007,"OTB",0
2007,"OTB",0
2007,"OTB",0
2007,"OTB",0
2007,"OTB",0
2007,"OTB",0
2007,"OTB",2.449617
2007,"OTB",4.899234
2007,"OTB",17.14732
2007,"OTB",22.651682
2007,"OTB",59.39594
2007,"OTB",63.055813
2007,"OTB",129.195477
2007,"OTB",206.9781
2007,"OTB",298.219064
2007,"OTB",325.135746
2007,"OTB",379.651919
2007,"OTB",96.745326
2007,"OTB",277.470272
2007,"OTB",392.440805
2007,"OTB",537.890559
2007,"OTB",588.342328
2007,"OTB",468.809238
2007,"OTB",377.202489
2007,"OTB",291.148677
2007,"OTB",283.751251
2007,"OTB",454.111535
2007,"OTB",387.020425
2007,"OTB",540.184815
2007,"OTB",492.266644
2007,"OTB",356.595893
2007,"OTB",249.45661
2007,"OTB",174.133245
2007,"OTB",119.665645
2007,"OTB",41.614386
2007,"OTB",41.614386
2007,"OTB",41.614386
2007,"OTB",10.403596
2007,"OTB",20.807193
2007,"OTB",0
2007,"OTB",0
2007,"OTB",0
2007,"OTB",0
2007,"OTB",0
2007,"OTB",0
2007,"OTB",0
2007,"OTB",0
2007,"OTB",0
2007,"OTB",0
2007,"OTB",0
2007,"OTB",0
2007,"OTB",0
2007,"OTB",0
2007,"OTB",0
2007,"OTB",0
2007,"OTB",0
2007,"OTB",0
2007,"OTB",0
2007,"OTB",0
2007,"OTB",0
2007,"OTB",0
2007,"OTB",0
2007,"OTB",0
2007,"OTB",0
2007,"OTB",0
2007,"OTB",0
2007,"OTB",0
2007,"OTB",0
2007,"OTB",0
2007,"OTB",0
2007,"OTB",0
2007,"OTB",0
2007,"OTB",0
2007,"OTB",0
2007,"OTB",0
2007,"OTB",0
2007,"OTB",0
2007,"OTB",0
2007,"OTB",0
2007,"OTB",0
2007,"OTB",0
2007,"OTB",0
2007,"OTB",0
2007,"OTB",0
2007,"OTB",0
2007,"OTB",0
2007,"OTB",0
2007,"OTB",0
2007,"OTB",0
2007,"OTB",0
2007,"OTB",0
2007,"OTB",0
2007,"OTB",0
2007,"OTB",0
2007,"GNS",0
2007,"GNS",0
2007,"GNS",0
2007,"GNS",0
2007,"GNS",0
2007,"GNS",0
2007,"GNS",0
2007,"GNS",0
2007,"GNS",0
2007,"GNS",0
2007,"GNS",0
2007,"GNS",0
2007,"GNS",0
2007,"GNS",0
2007,"GNS",0
2007,"GNS",0
2007,"GNS",0
2007,"GNS",0
2007,"GNS",0
2007,"GNS",0
2007,"GNS",0
2007,"GNS",0
2007,"GNS",0
2007,"GNS",0
2007,"GNS",0
2007,"GNS",0
2007,"GNS",0
2007,"GNS",0
2007,"GNS",0
2007,"GNS",0
2007,"GNS",0
2007,"GNS",0
2007,"GNS",0
2007,"GNS",0
2007,"GNS",0
2007,"GNS",0
2007,"GNS",0
2007,"GNS",0
2007,"GNS",0
2007,"GNS",0
2007,"GNS",0
2007,"GNS",0
2007,"GNS",0
2007,"GNS",0
2007,"GNS",0
2007,"GNS",0
2007,"GNS",0
2007,"GNS",0
2007,"GNS",0
2007,"GNS",0
2007,"GNS",0
2007,"GNS",0
2007,"GNS",0
2007,"GNS",0
2007,"GNS",0
2007,"GNS",0
2007,"GNS",0
2007,"GNS",0
2007,"GNS",0
2007,"GNS",0
2007,"GNS",0
2007,"GNS",0
2007,"GNS",0
2007,"GNS",0
2007,"GNS",0
2007,"GNS",0
2007,"GNS",0
2007,"GNS",0
2007,"GNS",0
2007,"GNS",0
2007,"GNS",0
2007,"GNS",0
2007,"GNS",0
2007,"GNS",0
2007,"GNS",0
2007,"GNS",0
2007,"GNS",0
2007,"GNS",0
2007,"GNS",0
2007,"GNS",0
2007,"GNS",0
2007,"GNS",0
2007,"GNS",0
2007,"GNS",0
2007,"GNS",0
2007,"GNS",0
2007,"GNS",0
2007,"GNS",0
2007,"GNS",0
2007,"GNS",0
2007,"GNS",0
2007,"GNS",0
2007,"GNS",0
2007,"GNS",0
2007,"GNS",0
2007,"GNS",0
2007,"GNS",0
2007,"GNS",0
2007,"GNS",0
2007,"GNS",0
2007,"GNS",0
2006,"OTB",0
2006,"OTB",0
2006,"OTB",0
2006,"OTB",0
2006,"OTB",0
2006,"OTB",0
2006,"OTB",0
2006,"OTB",0
2006,"OTB",0
2006,"OTB",0
2006,"OTB",0
2006,"OTB",0
2006,"OTB",0
2006,"OTB",0.924409
2006,"OTB",1.386613
2006,"OTB",15.166875
2006,"OTB",11.898642
2006,"OTB",10.363355
2006,"OTB",22.706156
2006,"OTB",23.363464
2006,"OTB",34.961567
2006,"OTB",35.720562
2006,"OTB",43.485408
2006,"OTB",121.914182
2006,"OTB",191.867843
2006,"OTB",249.851821
2006,"OTB",231.913324
2006,"OTB",179.928637
2006,"OTB",201.627308
2006,"OTB",234.01891
2006,"OTB",301.355951
2006,"OTB",210.898497
2006,"OTB",198.822698
2006,"OTB",196.036835
2006,"OTB",154.808872
2006,"OTB",172.604879
2006,"OTB",156.8982
2006,"OTB",153.141003
2006,"OTB",103.159049
2006,"OTB",81.551571
2006,"OTB",51.613838
2006,"OTB",25.180412
2006,"OTB",14.101233
2006,"OTB",3.58535
2006,"OTB",0
2006,"OTB",0
2006,"OTB",0
2006,"OTB",0
2006,"OTB",0
2006,"OTB",0
2006,"OTB",0
2006,"OTB",0
2006,"OTB",0
2006,"OTB",0
2006,"OTB",0
2006,"OTB",0
2006,"OTB",0
2006,"OTB",0
2006,"OTB",0
2006,"OTB",0
2006,"OTB",0
2006,"OTB",0
2006,"OTB",0
2006,"OTB",0
2006,"OTB",0
2006,"OTB",0
2006,"OTB",0
2006,"OTB",0
2006,"OTB",0
2006,"OTB",0
2006,"OTB",0
2006,"OTB",0
2006,"OTB",0
2006,"OTB",0
2006,"OTB",0
2006,"OTB",0
2006,"OTB",0
2006,"OTB",0
2006,"OTB",0
2006,"OTB",0
2006,"OTB",0
2006,"OTB",0
2006,"OTB",0
2006,"OTB",0
2006,"OTB",0
2006,"OTB",0
2006,"OTB",0
2006,"OTB",0
2006,"OTB",0
2006,"OTB",0
2006,"OTB",0
2006,"OTB",0
2006,"OTB",0
2006,"OTB",0
2006,"OTB",0
2006,"OTB",0
2006,"OTB",0
2006,"OTB",0
2006,"OTB",0
2006,"OTB",0
2006,"OTB",0
2006,"OTB",0
2006,"OTB",0
2006,"OTB",0
2006,"OTB",0
2006,"OTB",0
2006,"OTB",0
2006,"OTB",0
2006,"OTB",0
2006,"OTB",0
2006,"OTB",0
2006,"OTB",0
2006,"OTB",0
2006,"OTB",0
2006,"OTB",0
2006,"OTB",0
2006,"OTB",0
2006,"OTB",0
2006,"OTB",0
2006,"OTB",0
2006,"OTB",0
2006,"OTB",0
2006,"OTB",0
2006,"OTB",0
2006,"OTB",0
2006,"OTB",0
2006,"OTB",0
2006,"OTB",0
2006,"OTB",0
2006,"OTB",0
2006,"OTB",0
2006,"OTB",0
2006,"OTB",0
2006,"OTB",0
2006,"OTB",0
2006,"OTB",0
2006,"OTB",0
2006,"OTB",0
2006,"OTB",0
2006,"OTB",0
2006,"OTB",0
2006,"OTB",0
2006,"OTB",0
2006,"OTB",0
2006,"OTB",0
2006,"OTB",0
2006,"OTB",0
2006,"OTB",0
2006,"OTB",0
2006,"OTB",0
2006,"OTB",0
2006,"OTB",0
2006,"OTB",0
2006,"OTB",0
2006,"OTB",0
2006,"OTB",0
2006,"OTB",0
2006,"OTB",0
2006,"OTB",0
2006,"OTB",0
2006,"OTB",0
2006,"OTB",0
2006,"OTB",0
2006,"OTB",0
2006,"OTB",0
2006,"OTB",0
2006,"OTB",0
2006,"OTB",0
2006,"OTB",0
2006,"OTB",0
2006,"OTB",0
2006,"OTB",0
2006,"OTB",0
2006,"OTB",0
2006,"OTB",0
2006,"OTB",0
2006,"OTB",0
2006,"OTB",0
2006,"OTB",0
2006,"OTB",0
2006,"OTB",0
2006,"OTB",0
2006,"OTB",0
2006,"OTB",0
2006,"OTB",0
2006,"OTB",0
2006,"OTB",0
2006,"OTB",0
2006,"OTB",0
2006,"OTB",0
2006,"OTB",0
2006,"OTB",0
2006,"OTB",0
2006,"OTB",0
2006,"OTB",0
2006,"OTB",0
2006,"OTB",0
2006,"OTB",0
2006,"OTB",0
2006,"OTB",0
2006,"OTB",0
2006,"OTB",0
2005,"OTB",0
2005,"OTB",0
2005,"OTB",0
2005,"OTB",0
2005,"OTB",0
2005,"OTB",0
2005,"OTB",0
2005,"OTB",0
2005,"OTB",0
2005,"OTB",0
2005,"OTB",0
2005,"OTB",1.446308
2005,"OTB",25.056002
2005,"OTB",37.746926
2005,"OTB",166.71417
2005,"OTB",177.237674
2005,"OTB",563.994436
2005,"OTB",895.652666
2005,"OTB",891.82046
2005,"OTB",696.654019
2005,"OTB",871.934768
2005,"OTB",334.414909
2005,"OTB",187.283398
2005,"OTB",91.142073
2005,"OTB",105.720346
2005,"OTB",44.013029
2005,"OTB",51.403496
2005,"OTB",71.400485
2005,"OTB",86.79532
2005,"OTB",64.083525
2005,"OTB",98.567421
2005,"OTB",76.787385
2005,"OTB",73.783503
2005,"OTB",140.691087
2005,"OTB",158.831523
2005,"OTB",150.784444
2005,"OTB",59.04528
2005,"OTB",24.61106
2005,"OTB",14.695512
2005,"OTB",3.290945
2005,"OTB",0.39833
2005,"OTB",1.446308
2005,"OTB",0
2005,"OTB",0
2005,"OTB",0
2005,"OTB",0
2005,"OTB",0
2005,"OTB",0
2005,"OTB",0
2005,"OTB",0
2005,"OTB",0
2005,"OTB",0
2005,"OTB",0
2005,"OTB",0
2005,"OTB",0
2005,"OTB",0
2005,"OTB",0
2005,"OTB",0
2005,"OTB",0
2005,"OTB",0
2005,"OTB",0
2005,"OTB",0
2005,"OTB",0
2005,"OTB",0
2005,"OTB",0
2005,"OTB",0
2005,"OTB",0
2005,"OTB",0
2005,"OTB",0
2005,"OTB",0
2005,"OTB",0
2005,"OTB",0
2005,"OTB",0
2005,"OTB",0
2005,"OTB",0
2005,"OTB",0
2005,"OTB",0
2005,"OTB",0
2005,"OTB",0
2005,"OTB",0
2005,"OTB",0
2005,"OTB",0
2005,"OTB",0
2005,"OTB",0
2005,"OTB",0
2005,"OTB",0
2005,"OTB",0
2005,"OTB",0
2005,"OTB",0
2005,"OTB",0
2005,"OTB",0
2005,"OTB",0
2005,"OTB",0
2005,"OTB",0
2005,"OTB",0
2005,"OTB",0
2005,"OTB",0
2005,"OTB",0
2005,"OTB",0
2005,"OTB",0
2005,"OTB",0
2005,"OTB",0
2005,"OTB",0
2005,"OTB",0
2005,"OTB",0
2005,"OTB",0
2005,"OTB",0
2005,"OTB",0
2005,"OTB",0
2005,"OTB",0
2005,"OTB",0
2005,"OTB",0
2005,"OTB",0
2005,"OTB",0
2005,"OTB",0
2005,"OTB",243.118601
2005,"OTB",243.118601
2005,"OTB",0
2005,"OTB",0
2005,"OTB",0
2005,"OTB",486.237202
2005,"OTB",243.118601
2005,"OTB",2188.067409
2005,"OTB",3403.660415
2005,"OTB",3160.541814
2005,"OTB",2188.067409
2005,"OTB",1215.593005
2005,"OTB",729.355803
2005,"OTB",972.474404
2005,"OTB",1701.830207
2005,"OTB",729.355803
2005,"OTB",1458.711606
2005,"OTB",972.474404
2005,"OTB",972.474404
2005,"OTB",972.474404
2005,"OTB",0
2005,"OTB",0
2005,"OTB",0
2005,"OTB",0
2005,"OTB",0
2005,"OTB",0
2005,"OTB",0
2005,"OTB",0
2005,"OTB",0
2005,"OTB",0
2005,"OTB",0
2005,"OTB",0
2005,"OTB",0
2005,"OTB",0
2005,"OTB",0
2005,"OTB",0
2005,"OTB",0
2005,"OTB",0
2005,"OTB",0
2005,"OTB",0
2005,"OTB",0
2005,"OTB",0
2005,"OTB",0
2005,"OTB",0
2005,"OTB",0
2005,"OTB",0
2005,"OTB",0
2005,"OTB",0
2005,"OTB",0
2005,"OTB",0
2005,"OTB",0
2005,"OTB",0
2005,"OTB",0
2005,"OTB",0
2005,"OTB",0
2005,"OTB",0
2005,"OTB",0
2005,"OTB",0
2005,"OTB",0
2005,"OTB",0
2005,"OTB",0
2005,"OTB",0
2005,"OTB",0
2005,"OTB",0
2005,"OTB",0
2005,"OTB",0
2005,"OTB",0
2005,"OTB",0
2005,"OTB",0
2005,"OTB",0
2005,"OTB",0
2005,"OTB",0
2005,"OTB",0
2005,"OTB",0
2005,"OTB",0
2005,"OTB",0
2005,"OTB",0
2005,"OTB",0
2005,"OTB",0
2005,"OTB",0
2005,"OTB",0
2005,"OTB",0
2005,"OTB",0
2005,"OTB",0
2005,"OTB",0
2005,"OTB",0
2005,"OTB",0
2005,"GTR",0
2005,"GTR",0
2005,"GTR",0
2005,"GTR",0
2005,"GTR",0
2005,"GTR",0
2005,"GTR",0
2005,"GTR",0
2005,"GTR",0
2005,"GTR",0
2005,"GTR",0
2005,"GTR",0
2005,"GTR",0
2005,"GTR",0
2005,"GTR",0
2005,"GTR",0
2005,"GTR",0
2005,"GTR",0
2005,"GTR",0
2005,"GTR",0
2005,"GTR",0
2005,"GTR",0
2005,"GTR",0
2005,"GTR",0
2005,"GTR",0
2005,"GTR",0
2005,"GTR",0
2005,"GTR",0
2005,"GTR",0
2005,"GTR",0
2005,"GTR",0
2005,"GTR",0
2005,"GTR",0
2005,"GTR",0
2005,"GTR",0
2005,"GTR",0
2005,"GTR",0
2005,"GTR",0
2005,"GTR",0
2005,"GTR",0
2005,"GTR",0
2005,"GTR",0
2005,"GTR",0
2005,"GTR",0
2005,"GTR",0
2005,"GTR",0
2005,"GTR",0
2005,"GTR",0
2005,"GTR",0
2005,"GTR",0
2005,"GTR",0
2005,"GTR",0
2005,"GTR",0
2005,"GTR",0
2005,"GTR",0
2005,"GTR",0
2005,"GTR",0
2005,"GTR",0
2005,"GTR",0
2005,"GTR",0
2005,"GTR",0
2005,"GTR",0
2005,"GTR",0
2005,"GTR",0
2005,"GTR",0
2005,"GTR",0
2005,"GTR",0
2005,"GTR",0
2005,"GTR",0
2005,"GTR",0
2005,"GTR",0
2005,"GTR",0
2005,"GTR",0
2005,"GTR",0
2005,"GTR",0
2005,"GTR",0
2005,"GTR",0
2005,"GTR",0
2005,"GTR",0
2005,"GTR",0
2005,"GTR",0
2005,"GTR",0
2005,"GTR",0
2005,"GTR",0
2005,"GTR",0
2005,"GTR",0
2005,"GTR",0
2005,"GTR",0
2005,"GTR",0
2005,"GTR",0
2005,"GTR",0
2005,"GTR",0
2005,"GTR",0
2005,"GTR",0
2005,"GTR",0
2005,"GTR",0
2005,"GTR",0
2005,"GTR",0
2005,"GTR",0
2005,"GTR",0
2005,"GTR",0
2004,"OTB",0
2004,"OTB",0
2004,"OTB",0
2004,"OTB",0
2004,"OTB",0
2004,"OTB",0
2004,"OTB",0
2004,"OTB",0
2004,"OTB",0
2004,"OTB",0
2004,"OTB",0
2004,"OTB",0
2004,"OTB",0
2004,"OTB",0
2004,"OTB",0
2004,"OTB",0
2004,"OTB",0
2004,"OTB",0
2004,"OTB",0
2004,"OTB",0
2004,"OTB",0
2004,"OTB",0
2004,"OTB",317.966171
2004,"OTB",317.966171
2004,"OTB",953.898514
2004,"OTB",1589.830856
2004,"OTB",953.898514
2004,"OTB",953.898514
2004,"OTB",1907.797027
2004,"OTB",1907.797027
2004,"OTB",2543.72937
2004,"OTB",1589.830856
2004,"OTB",1271.864685
2004,"OTB",1907.797027
2004,"OTB",953.898514
2004,"OTB",1589.830856
2004,"OTB",1271.864685
2004,"OTB",317.966171
2004,"OTB",953.898514
2004,"OTB",635.932342
2004,"OTB",317.966171
2004,"OTB",0
2004,"OTB",0
2004,"OTB",0
2004,"OTB",0
2004,"OTB",0
2004,"OTB",0
2004,"OTB",0
2004,"OTB",0
2004,"OTB",0
2004,"OTB",0
2004,"OTB",0
2004,"OTB",0
2004,"OTB",0
2004,"OTB",0
2004,"OTB",0
2004,"OTB",0
2004,"OTB",0
2004,"OTB",0
2004,"OTB",0
2004,"OTB",0
2004,"OTB",0
2004,"OTB",0
2004,"OTB",0
2004,"OTB",0
2004,"OTB",0
2004,"OTB",0
2004,"OTB",0
2004,"OTB",0
2004,"OTB",0
2004,"OTB",0
2004,"OTB",0
2004,"OTB",0
2004,"OTB",0
2004,"OTB",0
2004,"OTB",0
2004,"OTB",0
2004,"OTB",0
2004,"OTB",0
2004,"OTB",0
2004,"OTB",0
2004,"OTB",0
2004,"OTB",0
2004,"OTB",0
2004,"OTB",0
2004,"OTB",0
2004,"OTB",0
2004,"OTB",0
2004,"OTB",0
2004,"OTB",0
2004,"OTB",0
2004,"OTB",0
2004,"OTB",0
2004,"OTB",0
2004,"OTB",0
2004,"OTB",0
2004,"OTB",0
2004,"OTB",0
2004,"OTB",0
2004,"OTB",0
2004,"OTB",0
2004,"GTR",0
2004,"GTR",0
2004,"GTR",0
2004,"GTR",0
2004,"GTR",0
2004,"GTR",0
2004,"GTR",0
2004,"GTR",0
2004,"GTR",0
2004,"GTR",0
2004,"GTR",0
2004,"GTR",0
2004,"GTR",0
2004,"GTR",0
2004,"GTR",0
2004,"GTR",0
2004,"GTR",0
2004,"GTR",0
2004,"GTR",0
2004,"GTR",0
2004,"GTR",0
2004,"GTR",0
2004,"GTR",0
2004,"GTR",0
2004,"GTR",0
2004,"GTR",0
2004,"GTR",0
2004,"GTR",0
2004,"GTR",0
2004,"GTR",0
2004,"GTR",0
2004,"GTR",0
2004,"GTR",0
2004,"GTR",0
2004,"GTR",0
2004,"GTR",0
2004,"GTR",0
2004,"GTR",0
2004,"GTR",0
2004,"GTR",0
2004,"GTR",0
2004,"GTR",0
2004,"GTR",0
2004,"GTR",0
2004,"GTR",0
2004,"GTR",0
2004,"GTR",0
2004,"GTR",0
2004,"GTR",0
2004,"GTR",0
2004,"GTR",0
2004,"GTR",0
2004,"GTR",0
2004,"GTR",0
2004,"GTR",0
2004,"GTR",0
2004,"GTR",0
2004,"GTR",0
2004,"GTR",0
2004,"GTR",0
2004,"GTR",0
2004,"GTR",0
2004,"GTR",0
2004,"GTR",0
2004,"GTR",0
2004,"GTR",0
2004,"GTR",0
2004,"GTR",0
2004,"GTR",0
2004,"GTR",0
2004,"GTR",0
2004,"GTR",0
2004,"GTR",0
2004,"GTR",0
2004,"GTR",0
2004,"GTR",0
2004,"GTR",0
2004,"GTR",0
2004,"GTR",0
2004,"GTR",0
2004,"GTR",0
2004,"GTR",0
2004,"GTR",0
2004,"GTR",0
2004,"GTR",0
2004,"GTR",0
2004,"GTR",0
2004,"GTR",0
2004,"GTR",0
2004,"GTR",0
2004,"GTR",0
2004,"GTR",0
2004,"GTR",0
2004,"GTR",0
2004,"GTR",0
2004,"GTR",0
2004,"GTR",0
2004,"GTR",0
2004,"GTR",0
2004,"GTR",0
2004,"GTR",0
2004,"GNS",0
2004,"GNS",0
2004,"GNS",0
2004,"GNS",0
2004,"GNS",0
2004,"GNS",0
2004,"GNS",0
2004,"GNS",0
2004,"GNS",0
2004,"GNS",0
2004,"GNS",0
2004,"GNS",0
2004,"GNS",0
2004,"GNS",0
2004,"GNS",0
2004,"GNS",0
2004,"GNS",0
2004,"GNS",0
2004,"GNS",0
2004,"GNS",0
2004,"GNS",0
2004,"GNS",0
2004,"GNS",0
2004,"GNS",0
2004,"GNS",0
2004,"GNS",0
2004,"GNS",0
2004,"GNS",0
2004,"GNS",0
2004,"GNS",0
2004,"GNS",0
2004,"GNS",0
2004,"GNS",0
2004,"GNS",0
2004,"GNS",0
2004,"GNS",0
2004,"GNS",0
2004,"GNS",0
2004,"GNS",0
2004,"GNS",0
2004,"GNS",0
2004,"GNS",0
2004,"GNS",0
2004,"GNS",0
2004,"GNS",0
2004,"GNS",0
2004,"GNS",0
2004,"GNS",0
2004,"GNS",0
2004,"GNS",0
2004,"GNS",0
2004,"GNS",0
2004,"GNS",0
2004,"GNS",0
2004,"GNS",0
2004,"GNS",0
2004,"GNS",0
2004,"GNS",0
2004,"GNS",0
2004,"GNS",0
2004,"GNS",0
2004,"GNS",0
2004,"GNS",0
2004,"GNS",0
2004,"GNS",0
2004,"GNS",0
2004,"GNS",0
2004,"GNS",0
2004,"GNS",0
2004,"GNS",0
2004,"GNS",0
2004,"GNS",0
2004,"GNS",0
2004,"GNS",0
2004,"GNS",0
2004,"GNS",0
2004,"GNS",0
2004,"GNS",0
2004,"GNS",0
2004,"GNS",0
2004,"GNS",0
2004,"GNS",0
2004,"GNS",0
2004,"GNS",0
2004,"GNS",0
2004,"GNS",0
2004,"GNS",0
2004,"GNS",0
2004,"GNS",0
2004,"GNS",0
2004,"GNS",0
2004,"GNS",0
2004,"GNS",0
2004,"GNS",0
2004,"GNS",0
2004,"GNS",0
2004,"GNS",0
2004,"GNS",0
2004,"GNS",0
2004,"GNS",0
2004,"GNS",0
2003,"OTB",0
2003,"OTB",0
2003,"OTB",0
2003,"OTB",0
2003,"OTB",0
2003,"OTB",0
2003,"OTB",0
2003,"OTB",0
2003,"OTB",0
2003,"OTB",0
2003,"OTB",0
2003,"OTB",0
2003,"OTB",0
2003,"OTB",0
2003,"OTB",0
2003,"OTB",0
2003,"OTB",0
2003,"OTB",0
2003,"OTB",0
2003,"OTB",0
2003,"OTB",0
2003,"OTB",370.328376
2003,"OTB",740.656752
2003,"OTB",740.656752
2003,"OTB",740.656752
2003,"OTB",1110.985128
2003,"OTB",740.656752
2003,"OTB",1110.985128
2003,"OTB",1110.985128
2003,"OTB",1481.313504
2003,"OTB",1110.985128
2003,"OTB",1110.985128
2003,"OTB",370.328376
2003,"OTB",1110.985128
2003,"OTB",740.656752
2003,"OTB",1481.313504
2003,"OTB",1110.985128
2003,"OTB",740.656752
2003,"OTB",1110.985128
2003,"OTB",0
2003,"OTB",740.656752
2003,"OTB",740.656752
2003,"OTB",0
2003,"OTB",0
2003,"OTB",0
2003,"OTB",0
2003,"OTB",0
2003,"OTB",0
2003,"OTB",0
2003,"OTB",0
2003,"OTB",0
2003,"OTB",0
2003,"OTB",0
2003,"OTB",0
2003,"OTB",0
2003,"OTB",0
2003,"OTB",0
2003,"OTB",0
2003,"OTB",0
2003,"OTB",0
2003,"OTB",0
2003,"OTB",0
2003,"OTB",0
2003,"OTB",0
2003,"OTB",0
2003,"OTB",0
2003,"OTB",0
2003,"OTB",0
2003,"OTB",0
2003,"OTB",0
2003,"OTB",0
2003,"OTB",0
2003,"OTB",0
2003,"OTB",0
2003,"OTB",0
2003,"OTB",0
2003,"OTB",0
2003,"OTB",0
2003,"OTB",0
2003,"OTB",0
2003,"OTB",0
2003,"OTB",0
2003,"OTB",0
2003,"OTB",0
2003,"OTB",0
2003,"OTB",0
2003,"OTB",0
2003,"OTB",0
2003,"OTB",0
2003,"OTB",0
2003,"OTB",0
2003,"OTB",0
2003,"OTB",0
2003,"OTB",0
2003,"OTB",0
2003,"OTB",0
2003,"OTB",0
2003,"OTB",0
2003,"OTB",0
2003,"OTB",0
2003,"OTB",0
2003,"GTR",0
2003,"GTR",0
2003,"GTR",0
2003,"GTR",0
2003,"GTR",0
2003,"GTR",0
2003,"GTR",0
2003,"GTR",0
2003,"GTR",0
2003,"GTR",0
2003,"GTR",0
2003,"GTR",0
2003,"GTR",0
2003,"GTR",0
2003,"GTR",0
2003,"GTR",0
2003,"GTR",0
2003,"GTR",0
2003,"GTR",0
2003,"GTR",0
2003,"GTR",0
2003,"GTR",0
2003,"GTR",0
2003,"GTR",0
2003,"GTR",0
2003,"GTR",0
2003,"GTR",0
2003,"GTR",0
2003,"GTR",0
2003,"GTR",0
2003,"GTR",0
2003,"GTR",0
2003,"GTR",0
2003,"GTR",0
2003,"GTR",0
2003,"GTR",0
2003,"GTR",0
2003,"GTR",0
2003,"GTR",0
2003,"GTR",0
2003,"GTR",0
2003,"GTR",0
2003,"GTR",0
2003,"GTR",0
2003,"GTR",0
2003,"GTR",0
2003,"GTR",0
2003,"GTR",0
2003,"GTR",0
2003,"GTR",0
2003,"GTR",0
2003,"GTR",0
2003,"GTR",0
2003,"GTR",0
2003,"GTR",0
2003,"GTR",0
2003,"GTR",0
2003,"GTR",0
2003,"GTR",0
2003,"GTR",0
2003,"GTR",0
2003,"GTR",0
2003,"GTR",0
2003,"GTR",0
2003,"GTR",0
2003,"GTR",0
2003,"GTR",0
2003,"GTR",0
2003,"GTR",0
2003,"GTR",0
2003,"GTR",0
2003,"GTR",0
2003,"GTR",0
2003,"GTR",0
2003,"GTR",0
2003,"GTR",0
2003,"GTR",0
2003,"GTR",0
2003,"GTR",0
2003,"GTR",0
2003,"GTR",0
2003,"GTR",0
2003,"GTR",0
2003,"GTR",0
2003,"GTR",0
2003,"GTR",0
2003,"GTR",0
2003,"GTR",0
2003,"GTR",0
2003,"GTR",0
2003,"GTR",0
2003,"GTR",0
2003,"GTR",0
2003,"GTR",0
2003,"GTR",0
2003,"GTR",0
2003,"GTR",0
2003,"GTR",0
2003,"GTR",0
2003,"GTR",0
2003,"GTR",0
