"id","country","year","quarter","vessel_length","gear","mesh_size_range","fishery","area","specon","species","landings","unit","lengthclass0","lengthclass1","lengthclass2","lengthclass3","lengthclass4","lengthclass5","lengthclass6","lengthclass7","lengthclass8","lengthclass9","lengthclass10","lengthclass11","lengthclass12","lengthclass13","lengthclass14","lengthclass15","lengthclass16","lengthclass17","lengthclass18","lengthclass19","lengthclass20","lengthclass21","lengthclass22","lengthclass23","lengthclass24","lengthclass25","lengthclass26","lengthclass27","lengthclass28","lengthclass29","lengthclass30","lengthclass31","lengthclass32","lengthclass33","lengthclass34","lengthclass35","lengthclass36","lengthclass37","lengthclass38","lengthclass39","lengthclass40","lengthclass41","lengthclass42","lengthclass43","lengthclass44","lengthclass45","lengthclass46","lengthclass47","lengthclass48","lengthclass49","lengthclass50","lengthclass51","lengthclass52","lengthclass53","lengthclass54","lengthclass55","lengthclass56","lengthclass57","lengthclass58","lengthclass59","lengthclass60","lengthclass61","lengthclass62","lengthclass63","lengthclass64","lengthclass65","lengthclass66","lengthclass67","lengthclass68","lengthclass69","lengthclass70","lengthclass71","lengthclass72","lengthclass73","lengthclass74","lengthclass75","lengthclass76","lengthclass77","lengthclass78","lengthclass79","lengthclass80","lengthclass81","lengthclass82","lengthclass83","lengthclass84","lengthclass85","lengthclass86","lengthclass87","lengthclass88","lengthclass89","lengthclass90","lengthclass91","lengthclass92","lengthclass93","lengthclass94","lengthclass95","lengthclass96","lengthclass97","lengthclass98","lengthclass99","lengthclass100_plus"
"ITA 2003 1GTR-1DEMSPSA 9","ITA",2003,-1,-1,"GTR","-1","DEMSP","GSA 9",-1,"DPS",5.933227,"mm",0,0,0,0,0,0,0,0,0,0,0,0,0,0,0,0,0,0,0,0,0,0,0,0,0,0,0,0,0,0,0,0,0,0,0,0,0,0,0,0,0,0,0,0,0,0,0,0,0,0,0,0,0,0,0,0,0,0,0,0,0,0,0,0,0,0,0,0,0,0,0,0,0,0,0,0,0,0,0,0,0,0,0,0,0,0,0,0,0,0,0,0,0,0,0,0,0,0,0,0,0
"ITA 2003 1OTB50D100SA 9","ITA",2003,-1,-1,"OTB","50D100","-1","GSA 9",-1,"DPS",316.615971,"mm",0,0,0,0,0,0,0,0,0,0,0,0,0,0,0,0,0,0,0,0,0,370.328376,740.656752,740.656752,740.656752,1110.985128,740.656752,1110.985128,1110.985128,1481.313504,1110.985128,1110.985128,370.328376,1110.985128,740.656752,1481.313504,1110.985128,740.656752,1110.985128,0,740.656752,740.656752,0,0,0,0,0,0,0,0,0,0,0,0,0,0,0,0,0,0,0,0,0,0,0,0,0,0,0,0,0,0,0,0,0,0,0,0,0,0,0,0,0,0,0,0,0,0,0,0,0,0,0,0,0,0,0,0,0,0,0
"ITA 2004-1GNS-1DEMFSA 9","ITA",2004,-1,-1,"GNS","-1","DEMF","GSA 9",-1,"DPS",3.62883,"mm",0,0,0,0,0,0,0,0,0,0,0,0,0,0,0,0,0,0,0,0,0,0,0,0,0,0,0,0,0,0,0,0,0,0,0,0,0,0,0,0,0,0,0,0,0,0,0,0,0,0,0,0,0,0,0,0,0,0,0,0,0,0,0,0,0,0,0,0,0,0,0,0,0,0,0,0,0,0,0,0,0,0,0,0,0,0,0,0,0,0,0,0,0,0,0,0,0,0,0,0,0
"ITA 2004-1GTR-1DEMSPSA 9","ITA",2004,-1,-1,"GTR","-1","DEMSP","GSA 9",-1,"DPS",4.17776,"mm",0,0,0,0,0,0,0,0,0,0,0,0,0,0,0,0,0,0,0,0,0,0,0,0,0,0,0,0,0,0,0,0,0,0,0,0,0,0,0,0,0,0,0,0,0,0,0,0,0,0,0,0,0,0,0,0,0,0,0,0,0,0,0,0,0,0,0,0,0,0,0,0,0,0,0,0,0,0,0,0,0,0,0,0,0,0,0,0,0,0,0,0,0,0,0,0,0,0,0,0,0
"ITA 2004-1OTB50D100DEMSPSA 9","ITA",2004,-1,-1,"OTB","50D100","-1","GSA 9",-1,"DPS",367.43191,"mm",0,0,0,0,0,0,0,0,0,0,0,0,0,0,0,0,0,0,0,0,0,0,317.966171,317.966171,953.898514,1589.830856,953.898514,953.898514,1907.797027,1907.797027,2543.72937,1589.830856,1271.864685,1907.797027,953.898514,1589.830856,1271.864685,317.966171,953.898514,635.932342,317.966171,0,0,0,0,0,0,0,0,0,0,0,0,0,0,0,0,0,0,0,0,0,0,0,0,0,0,0,0,0,0,0,0,0,0,0,0,0,0,0,0,0,0,0,0,0,0,0,0,0,0,0,0,0,0,0,0,0,0,0,0
"ITA 2005-1GTR-1DEMSPSA 9","ITA",2005,-1,-1,"GTR","-1","DEMSP","GSA 9",-1,"DPS",0.51796,"mm",0,0,0,0,0,0,0,0,0,0,0,0,0,0,0,0,0,0,0,0,0,0,0,0,0,0,0,0,0,0,0,0,0,0,0,0,0,0,0,0,0,0,0,0,0,0,0,0,0,0,0,0,0,0,0,0,0,0,0,0,0,0,0,0,0,0,0,0,0,0,0,0,0,0,0,0,0,0,0,0,0,0,0,0,0,0,0,0,0,0,0,0,0,0,0,0,0,0,0,0,0
"ITA 2005-1OTB50D100DEMSPSA 9","ITA",2005,-1,-1,"OTB","50D100","DEMSP","GSA 9",-1,"DPS",41.95526,"mm",0,0,0,0,0,0,0,0,0,0,0,1.446308,25.056002,37.746926,166.71417,177.237674,563.994436,895.652666,891.82046,696.654019,871.934768,334.414909,187.283398,91.142073,105.720346,44.013029,51.403496,71.400485,86.79532,64.083525,98.567421,76.787385,73.783503,140.691087,158.831523,150.784444,59.04528,24.61106,14.695512,3.290945,0.39833,1.446308,0,0,0,0,0,0,0,0,0,0,0,0,0,0,0,0,0,0,0,0,0,0,0,0,0,0,0,0,0,0,0,0,0,0,0,0,0,0,0,0,0,0,0,0,0,0,0,0,0,0,0,0,0,0,0,0,0,0,0
"ITA 2005-1OTB50D100MDDWSPSA 9","ITA",2005,-1,-1,"OTB","50D100","MDDWSP","GSA 9",-1,"DPS",388.47018,"mm",0,0,0,0,0,0,0,0,0,0,0,0,0,0,243.118601,243.118601,0,0,0,486.237202,243.118601,2188.067409,3403.660415,3160.541814,2188.067409,1215.593005,729.355803,972.474404,1701.830207,729.355803,1458.711606,972.474404,972.474404,972.474404,0,0,0,0,0,0,0,0,0,0,0,0,0,0,0,0,0,0,0,0,0,0,0,0,0,0,0,0,0,0,0,0,0,0,0,0,0,0,0,0,0,0,0,0,0,0,0,0,0,0,0,0,0,0,0,0,0,0,0,0,0,0,0,0,0,0,0
"ITA 2006-1OTB50D100DEMSPSA 9","ITA",2006,-1,-1,"OTB","50D100","DEMSP","GSA 9",-1,"DPS",55.30299,"mm",0,0,0,0,0,0,0,0,0,0,0,0,0,0.924409,1.386613,15.166875,11.898642,10.363355,22.706156,23.363464,34.961567,35.720562,43.485408,121.914182,191.867843,249.851821,231.913324,179.928637,201.627308,234.01891,301.355951,210.898497,198.822698,196.036835,154.808872,172.604879,156.8982,153.141003,103.159049,81.551571,51.613838,25.180412,14.101233,3.58535,0,0,0,0,0,0,0,0,0,0,0,0,0,0,0,0,0,0,0,0,0,0,0,0,0,0,0,0,0,0,0,0,0,0,0,0,0,0,0,0,0,0,0,0,0,0,0,0,0,0,0,0,0,0,0,0,0
"ITA 2006-1OTB50D100MDDWSPSA 9","ITA",2006,-1,-1,"OTB","50D100","MDDWSP","GSA 9",-1,"DPS",407.10306,"mm",0,0,0,0,0,0,0,0,0,0,0,0,0,0,0,0,0,0,0,0,0,0,0,0,0,0,0,0,0,0,0,0,0,0,0,0,0,0,0,0,0,0,0,0,0,0,0,0,0,0,0,0,0,0,0,0,0,0,0,0,0,0,0,0,0,0,0,0,0,0,0,0,0,0,0,0,0,0,0,0,0,0,0,0,0,0,0,0,0,0,0,0,0,0,0,0,0,0,0,0,0
"ITA 2007-1GNS-1DEMFSA 9","ITA",2007,-1,-1,"GNS","-1","DEMF","GSA 9",-1,"DPS",2.26308,"mm",0,0,0,0,0,0,0,0,0,0,0,0,0,0,0,0,0,0,0,0,0,0,0,0,0,0,0,0,0,0,0,0,0,0,0,0,0,0,0,0,0,0,0,0,0,0,0,0,0,0,0,0,0,0,0,0,0,0,0,0,0,0,0,0,0,0,0,0,0,0,0,0,0,0,0,0,0,0,0,0,0,0,0,0,0,0,0,0,0,0,0,0,0,0,0,0,0,0,0,0,0
"ITA 2007-1OTB50D100DEMSPSA 9","ITA",2007,-1,-1,"OTB","50D100","DEMSP","GSA 9",-1,"DPS",89.84975,"mm",0,0,0,0,0,0,0,0,0,0,0,0.308403,0,6.092366,6.488592,7.4138,25.758736,48.970378,104.960787,262.328002,341.457967,435.665975,473.342423,652.970841,387.53026,554.928235,371.230606,320.456827,237.775184,266.717472,146.0306,184.47245,474.244033,858.737199,309.631532,247.069217,163.007121,99.351762,83.497442,12.826817,9.541946,4.557867,1.915889,0,0,0,0,0,0,0,0,0,0,0,0,0,0,0,0,0,0,0,0,0,0,0,0,0,0,0,0,0,0,0,0,0,0,0,0,0,0,0,0,0,0,0,0,0,0,0,0,0,0,0,0,0,0,0,0,0,0
"ITA 2007-1OTB50D100MDDWSPSA 9","ITA",2007,-1,-1,"OTB","50D100","MDDWSP","GSA 9",-1,"DPS",125.31815,"mm",0,0,0,0,0,0,0,0,0,0,0,0,0,2.449617,4.899234,17.14732,22.651682,59.39594,63.055813,129.195477,206.9781,298.219064,325.135746,379.651919,96.745326,277.470272,392.440805,537.890559,588.342328,468.809238,377.202489,291.148677,283.751251,454.111535,387.020425,540.184815,492.266644,356.595893,249.45661,174.133245,119.665645,41.614386,41.614386,41.614386,10.403596,20.807193,0,0,0,0,0,0,0,0,0,0,0,0,0,0,0,0,0,0,0,0,0,0,0,0,0,0,0,0,0,0,0,0,0,0,0,0,0,0,0,0,0,0,0,0,0,0,0,0,0,0,0,0,0,0,0
"ITA 2008-1GNS-1DEMFSA 9","ITA",2008,-1,-1,"GNS","-1","DEMF","GSA 9",-1,"DPS",0.50829,"mm",0,0,0,0,0,0,0,0,0,0,0,0,0,0,0,0,0,0,0,0,0,0,0,0,0,0,0,0,0,0,0,0,0,0,0,0,0,0,0,0,0,0,0,0,0,0,0,0,0,0,0,0,0,0,0,0,0,0,0,0,0,0,0,0,0,0,0,0,0,0,0,0,0,0,0,0,0,0,0,0,0,0,0,0,0,0,0,0,0,0,0,0,0,0,0,0,0,0,0,0,0
"ITA 2008-1OTB50D100DEMSPSA 9","ITA",2008,-1,-1,"OTB","50D100","DEMSP","GSA 9",-1,"DPS",187.26219,"mm",0,0,0,0,0,0,0,0,0,0,0,0,0,49.08678,188.074018,229.932698,543.122611,730.11636,1187.44005,1340.114482,1275.033547,1495.834155,1643.831307,1190.428849,1033.779058,962.92737,818.885259,927.780429,1375.484602,955.091544,711.56073,494.551111,545.912865,391.264563,217.768415,260.126432,260.743357,174.771506,160.148399,57.254853,46.171061,3.191312,1.587076,31.870218,2.406354,7.93538,0,0,0,0,0,0,0,0,0,0,0,0,0,0,0,0,0,0,0,0,0,0,0,0,0,0,0,0,0,0,0,0,0,0,0,0,0,0,0,0,0,0,0,0,0,0,0,0,0,0,0,0,0,0,0
"ITA 2008-1OTB50D100DWSPSA 9","ITA",2008,-1,-1,"OTB","50D100","DWSP","GSA 9",-1,"DPS",0.16465,"mm",0,0,0,0,0,0,0,0,0,0,0,0,0,0,0,0,0,0,0,0,0,0,0,0,0,0,0,0,0,0,0,0,0,0,0,0,0,0,0,0,0,0,0,0,0,0,0,0,0,0,0,0,0,0,0,0,0,0,0,0,0,0,0,0,0,0,0,0,0,0,0,0,0,0,0,0,0,0,0,0,0,0,0,0,0,0,0,0,0,0,0,0,0,0,0,0,0,0,0,0,0
"ITA 2008-1OTB50D100MDDWSPSA 9","ITA",2008,-1,-1,"OTB","50D100","MDDWSP","GSA 9",-1,"DPS",66.06531,"mm",0,0,0,0,0,0,0,0,0,0,0,0,0,0,0,13.695208,33.270075,51.207704,54.66911,61.293266,71.687504,116.495105,212.601213,237.136336,278.651007,233.576901,163.105735,223.602824,284.254755,214.817161,273.01404,344.431116,421.866421,267.030601,249.339283,143.312035,110.687615,63.103579,89.293831,78.84866,53.210869,37.456811,22.639141,22.639141,8.770249,0,0,0,0,0,0,0,0,0,0,0,0,0,0,0,0,0,0,0,0,0,0,0,0,0,0,0,0,0,0,0,0,0,0,0,0,0,0,0,0,0,0,0,0,0,0,0,0,0,0,0,0,0,0,0,0
"ITA 2009-1OTB50D100DEMSPSA 9","ITA",2009,-1,-1,"OTB","50D100","DEMSP","GSA 9",-1,"DPS",238.54198,"mm",0,0,0,0,0,0,0,0,0,1.463826,0,9.905287,0,15.950043,135.099518,291.356429,746.988991,849.659459,1078.43781,1250.763735,1392.687898,1112.661853,1286.270945,1716.222189,1619.128835,1303.715262,1057.424481,917.706806,642.151628,635.338801,818.598843,856.2122,1083.573616,966.122683,677.684834,463.164068,511.99891,157.64992,138.334756,239.583269,72.644848,36.463522,10.811171,3.492042,0,3.492042,1.746021,0,0,0,0,0,0,0,0,0,0,0,0,0,0,0,0,0,0,0,0,0,0,0,0,0,0,0,0,0,0,0,0,0,0,0,0,0,0,0,0,0,0,0,0,0,0,0,0,0,0,0,0,0,0
"ITA 2009-1OTB50D100MDDWSPSA 9","ITA",2009,-1,-1,"OTB","50D100","MDDWSP","GSA 9",-1,"DPS",64.59871,"mm",0,0,0,0,0,0,0,0,0,0,0,0,0,0,0,0,0,0,0.814609,0,0,13.685224,60.929486,120.948812,165.614085,195.137827,233.527755,243.524067,384.748229,240.341488,224.221686,229.854246,326.866521,362.339934,254.869268,185.41325,136.994621,86.568998,74.722235,147.391019,59.33291,22.891779,5.189212,6.295595,7.331481,5.702263,4.073045,7.331481,4.887654,0.814609,0,0,0,0,0,0,0,0,0,0,0,0,0,0,0,0,0,0,0,0,0,0,0,0,0,0,0,0,0,0,0,0,0,0,0,0,0,0,0,0,0,0,0,0,0,0,0,0,0,0,0
"ITA 2010-1OTB50D100DEMSPSA 9","ITA",2010,-1,-1,"OTB","50D100","DEMSP","GSA 9",-1,"DPS",309.58992,"mm",0,0,0,0,0,0,0,0,0,0,0,1.800174,3.600348,15.199469,100.783128,245.482097,792.742972,1667.14162,1907.306474,2199.231747,3788.843898,3641.395654,3696.775166,3036.355989,2494.147972,2356.706552,2209.270479,1961.91856,1714.459517,1345.309346,1069.830626,565.692381,291.726829,190.767163,147.86381,175.223215,154.24962,124.955817,133.658617,98.510006,62.132843,69.125221,43.408222,14.078214,10.55866,14.078214,10.55866,0,0,0,0,0,0,0,0,0,0,0,0,0,0,0,0,0,0,0,0,0,0,0,0,0,0,0,0,0,0,0,0,0,0,0,0,0,0,0,0,0,0,0,0,0,0,0,0,0,0,0,0,0,0
"ITA 2010-1OTB50D100DWSPSA 9","ITA",2010,-1,-1,"OTB","50D100","DWSP","GSA 9",-1,"DPS",9.69116,"mm",0,0,0,0,0,0,0,0,0,0,0,0,0,0,0,0,0,0,0,0,0,0,0,0,0,0,0,0,0,0,0,0,0,0,0,0,0,0,0,0,0,0,0,0,0,0,0,0,0,0,0,0,0,0,0,0,0,0,0,0,0,0,0,0,0,0,0,0,0,0,0,0,0,0,0,0,0,0,0,0,0,0,0,0,0,0,0,0,0,0,0,0,0,0,0,0,0,0,0,0,0
"ITA 2010-1OTB50D100MDDWSPSA 9","ITA",2010,-1,-1,"OTB","50D100","MDDWSP","GSA 9",-1,"DPS",154.0133,"mm",0,0,0,0,0,0,0,0,0,0,0,0,0,0,0,0,0.251055,0.50211,5.607009,1.004219,22.077911,72.76884,238.054266,347.037618,392.062969,408.783958,572.62611,684.903216,746.447965,762.995052,808.535055,598.043095,566.709388,530.10113,509.851502,502.162476,479.422025,378.235998,319.243114,159.259756,90.305253,92.227319,36.561815,1.004219,1.004219,2.008439,1.004219,1.004219,0,0,0,0,0,0,0,0,0,0,0,0,0,0,0,0,0,0,0,0,0,0,0,0,0,0,0,0,0,0,0,0,0,0,0,0,0,0,0,0,0,0,0,0,0,0,0,0,0,0,0,0,0
"ITA 2011-1OTB50D100DEMSPSA 9","ITA",2011,-1,-1,"OTB","50D100","DEMSP","GSA 9",-1,"DPS",404.50139,"mm",0,0,0,0,0,0,0,0,0,0,0,5.624637,9.783614,9.831394,91.253234,251.667629,639.937796,887.506559,961.941713,1052.002829,1244.074776,1226.069711,1541.508921,1979.357772,2554.741561,2295.446731,2516.202398,1696.289765,1463.693866,1677.574919,2099.905194,2360.563346,1955.049259,1495.109804,1300.361152,762.055748,392.543364,298.697288,400.200183,175.471757,68.369902,90.402962,7.957768,0,0,0,0,0,0,0,0,0,0,0,0,0,0,0,0,0,0,0,0,0,0,0,0,0,0,0,0,0,0,0,0,0,0,0,0,0,0,0,0,0,0,0,0,0,0,0,0,0,0,0,0,0,0,0,0,0,0
"ITA 2011-1OTB50D100DWSPSA 9","ITA",2011,-1,-1,"OTB","50D100","DWSP","GSA 9",-1,"DPS",9.67696,"mm",0,0,0,0,0,0,0,0,0,0,0,0,0,0,0,0,0,0,0,0,0,0,0,0,0,0,0,0,0,0,0,0,0,0,0,0,0,0,0,0,0,0,0,0,0,0,0,0,0,0,0,0,0,0,0,0,0,0,0,0,0,0,0,0,0,0,0,0,0,0,0,0,0,0,0,0,0,0,0,0,0,0,0,0,0,0,0,0,0,0,0,0,0,0,0,0,0,0,0,0,0
"ITA 2011-1OTB50D100MDDWSPSA 9","ITA",2011,-1,-1,"OTB","50D100","MDDWSP","GSA 9",-1,"DPS",136.85312,"mm",0,0,0,0,0,0,0,12.5835,88.084502,125.835003,75.501002,302.004007,415.25551,805.34402,416.304135,192.670874,125.502976,35.625303,27.707478,39.556133,97.900209,149.744904,188.993632,346.852301,580.214832,915.929724,966.745369,762.071793,650.83229,555.323146,597.151934,514.94311,684.389597,598.404516,458.228712,347.8232,210.96291,145.200642,106.577376,64.247762,56.795986,45.518076,13.121349,8.851098,10.368927,7.273418,5.761907,3.140345,0,0,0,0,0,0,0,0,0,0,0,0,0,0,0,0,0,0,0,0,0,0,0,0,0,0,0,0,0,0,0,0,0,0,0,0,0,0,0,0,0,0,0,0,0,0,0,0,0,0,0,0,0
"ITA 2012-1GTR-1DEMSPSA 9","ITA",2012,-1,-1,"GTR","-1","DEMSP","GSA 9",-1,"DPS",0.16116,"mm",0,0,0,0,0,0,0,0,0,0,0,0,0,0,0,0,0,0,0,0,0,0,0,0,0,0,0,0,0,0,0,0,0,0,0,0,0,0,0,0,0,0,0,0,0,0,0,0,0,0,0,0,0,0,0,0,0,0,0,0,0,0,0,0,0,0,0,0,0,0,0,0,0,0,0,0,0,0,0,0,0,0,0,0,0,0,0,0,0,0,0,0,0,0,0,0,0,0,0,0,0
"ITA 2012-1OTB50D100DEMSPSA 9","ITA",2012,-1,-1,"OTB","50D100","DEMSP","GSA 9",-1,"DPS",483.42054,"mm",0,0,0,0,0,0,0,0,0,0,0,42.762365,26.106037,118.029052,170.88955,321.538213,875.812348,952.426675,1757.379202,2600.658088,3450.525868,3392.491765,3256.189383,3480.971871,2678.085829,2356.886887,2264.4271,2358.050263,2367.86408,2631.3402,2140.423142,1381.413566,1227.100568,1150.718152,1097.684686,983.740125,1031.822122,532.340507,362.650414,119.312671,100.158685,29.25218,52.940658,35.17073,20.421714,10.210857,10.210857,0,0,0,0,0,0,0,0,0,0,0,0,0,0,0,0,0,0,0,0,0,0,0,0,0,0,0,0,0,0,0,0,0,0,0,0,0,0,0,0,0,0,0,0,0,0,0,0,0,0,0,0,0,0
"ITA 2012-1OTB50D100DWSPSA 9","ITA",2012,-1,-1,"OTB","50D100","DWSP","GSA 9",-1,"DPS",5.54391,"mm",0,0,0,0,0,0,0,0,0,0,0,0,0,0,0,0,0,0,0,0,0,0,0,0,0,0,0,0,0,0,0,0,0,0,0,0,0,0,0,0,0,0,0,0,0,0,0,0,0,0,0,0,0,0,0,0,0,0,0,0,0,0,0,0,0,0,0,0,0,0,0,0,0,0,0,0,0,0,0,0,0,0,0,0,0,0,0,0,0,0,0,0,0,0,0,0,0,0,0,0,0
"ITA 2012-1OTB50D100MDDWSPSA 9","ITA",2012,-1,-1,"OTB","50D100","MDDWSP","GSA 9",-1,"DPS",132.12373,"mm",0,0,0,0,0,0,0,0,0,0,0,0,0,0,0,0,0,35.315514,124.660709,300.898958,563.793843,760.606359,512.292193,496.662298,601.927693,486.83071,634.366949,570.389086,567.68549,675.039199,774.972398,548.072916,439.135354,423.850822,388.092362,416.864637,285.934049,175.435917,116.728185,71.918909,68.971151,38.53481,12.674106,3.466455,0,0,0,0,0,0,0,0,0,0,0,0,0,0,0,0,0,0,0,0,0,0,0,0,0,0,0,0,0,0,0,0,0,0,0,0,0,0,0,0,0,0,0,0,0,0,0,0,0,0,0,0,0,0,0,0,0
"ITA 2013-1OTB50D100DEMSPSA 9","ITA",2013,-1,-1,"OTB","50D100","DEMSP","GSA 9",-1,"DPS",426.36716,"mm",0,0,0,0,0,5.975604,0,0,0,0,0,7.655408,0,14.409445,64.333868,81.92469,525.562841,899.851478,1216.931808,1881.100853,1961.67175,1710.513641,2136.115965,2779.704776,2888.398191,2711.991236,2672.377426,2229.10689,2212.640358,2163.204595,2110.131408,1944.456381,1413.211668,1328.199042,857.986836,654.784104,717.266352,351.980344,318.106713,90.989333,53.319272,26.459976,6.614994,0,0,0,0,0,0,0,0,0,0,0,0,0,0,0,0,0,0,0,0,0,0,0,0,0,0,0,0,0,0,0,0,0,0,0,0,0,0,0,0,0,0,0,0,0,0,0,0,0,0,0,0,0,0,0,0,0,0
"ITA 2013-1OTB50D100DWSPSA 9","ITA",2013,-1,-1,"OTB","50D100","DWSP","GSA 9",-1,"DPS",3.82975,"mm",0,0,0,0,0,0,0,0,0,0,0,0,0,0,0,0,0,0,0,0,0,0,0,0,0,0,0,0,0,0,0,0,0,0,0,0,0,0,0,0,0,0,0,0,0,0,0,0,0,0,0,0,0,0,0,0,0,0,0,0,0,0,0,0,0,0,0,0,0,0,0,0,0,0,0,0,0,0,0,0,0,0,0,0,0,0,0,0,0,0,0,0,0,0,0,0,0,0,0,0,0
"ITA 2013-1OTB50D100MDDWSPSA 9","ITA",2013,-1,-1,"OTB","50D100","MDDWSP","GSA 9",-1,"DPS",145.46416,"mm",0,0,0,0,0,0,0,0,0,0,0,0,0,0,0,0,0.649888,0,1.949665,2.807382,14.036909,47.36727,100.849232,159.752762,343.828947,672.021359,991.317448,941.912167,947.933516,674.189534,614.983759,635.778558,722.447037,649.792966,484.315181,306.006224,178.182487,240.643131,228.468722,119.615204,74.685086,51.516473,30.909884,24.368957,19.072468,8.010958,10.619381,0,0,0,0,0,0,0,0,0,0,0,0,0,0,0,0,0,0,0,0,0,0,0,0,0,0,0,0,0,0,0,0,0,0,0,0,0,0,0,0,0,0,0,0,0,0,0,0,0,0,0,0,0,0
"ITA 2014-1GNS-1DEMFSA 9","ITA",2014,-1,-1,"GNS","-1","DEMF","GSA 9",-1,"DPS",0.02736,"mm",0,0,0,0,0,0,0,0,0,0,0,0,0,0,0,0,0,0,0,0,0,0,0,0,0,0,0,0,0,0,0,0,0,0,0,0,0,0,0,0,0,0,0,0,0,0,0,0,0,0,0,0,0,0,0,0,0,0,0,0,0,0,0,0,0,0,0,0,0,0,0,0,0,0,0,0,0,0,0,0,0,0,0,0,0,0,0,0,0,0,0,0,0,0,0,0,0,0,0,0,0
"ITA 2014-1OTB50D100DEMSPSA 9","ITA",2014,-1,-1,"OTB","50D100","DEMSP","GSA 9",-1,"DPS",466.69242,"mm",0,0,0,0,0,0,0,0,0,0,0,5.07717,39.706612,112.501326,163.586493,703.927132,1382.797646,1927.798053,2028.356072,2896.913711,3083.253133,2773.770612,3086.213916,2909.937551,2225.111609,1883.269417,2374.902555,2340.594633,2592.248307,2091.337459,2047.160513,1253.703556,1144.55939,1093.474972,815.423199,876.747371,1252.912767,953.647919,242.089942,137.29362,67.040494,75.528865,45.22573,31.924045,7.981011,5.320674,2.660337,0,0,0,0,0,0,0,0,0,0,0,0,0,0,0,0,0,0,0,0,0,0,0,0,0,0,0,0,0,0,0,0,0,0,0,0,0,0,0,0,0,0,0,0,0,0,0,0,0,0,0,0,0,0
"ITA 2014-1OTB50D100DWSPSA 9","ITA",2014,-1,-1,"OTB","50D100","DWSP","GSA 9",-1,"DPS",2.11283,"mm",0,0,0,0,0,0,0,0,0,0,0,0,0,0,0,0,0,0,0,0,0,0,0,0,0,0,0,0,0,0,0,0,0,0,0,0,0,0,0,0,0,0,0,0,0,0,0,0,0,0,0,0,0,0,0,0,0,0,0,0,0,0,0,0,0,0,0,0,0,0,0,0,0,0,0,0,0,0,0,0,0,0,0,0,0,0,0,0,0,0,0,0,0,0,0,0,0,0,0,0,0
"ITA 2014-1OTB50D100MDDWSPSA 9","ITA",2014,-1,-1,"OTB","50D100","MDDWSP","GSA 9",-1,"DPS",92.63231,"mm",0,0,0,0,0,0,0,0,0,0,0,0,0,0,0,0,0,0,0,0,0,0,11.569459,47.000927,102.678949,489.532734,837.339595,1037.635854,896.633072,780.215391,369.499597,380.345965,532.918205,417.223615,162.695517,201.01935,165.587882,40.493106,8.677094,23.862009,0,2.892365,0,0,0,0,0,0,0,0,0,0,0,0,0,0,0,0,0,0,0,0,0,0,0,0,0,0,0,0,0,0,0,0,0,0,0,0,0,0,0,0,0,0,0,0,0,0,0,0,0,0,0,0,0,0,0,0,0,0,0
"ITA 2015-1OTB50D100DEMSPSA 9","ITA",2015,-1,-1,"OTB","50D100","DEMSP","GSA 9",-1,"DPS",663.6334,"mm",0,0,0,0,0,0,0,0,0,12.969359,16.220439,27.856298,47.665564,138.177009,270.64567,983.703678,2045.957583,3182.072962,3761.347624,4936.972874,6889.520457,9667.600585,7518.399445,6489.369496,4989.457397,5394.83403,5329.001689,5181.865009,2966.899602,3137.047517,2652.884506,1625.233286,890.589531,891.802728,415.03208,174.55224,152.920595,158.10854,13.565871,6.554396,20.155227,3.641331,0,0,0,0,0,0,0,0,0,0,0,0,0,0,0,0,0,0,0,0,0,0,0,0,0,0,0,0,0,0,0,0,0,0,0,0,0,0,0,0,0,0,0,0,0,0,0,0,0,0,0,0,0,0,0,0,0,0,0
"ITA 2015-1OTB50D100DWSPSA 9","ITA",2015,-1,-1,"OTB","50D100","DWSP","GSA 9",-1,"DPS",8.54996,"mm",0,0,0,0,0,0,0,0,0,0,0,0,0,0,0,0,0,0,0,0,8.283498,13.200766,11.517652,20.056835,35.971921,45.54231,49.172688,72.983511,72.719362,66.770888,66.638814,63.668808,48.009408,26.269458,13.976286,13.456452,8.283498,3.234154,2.458634,0,0,0,0,0,0,0,0,0,0,0,0,0,0,0,0,0,0,0,0,0,0,0,0,0,0,0,0,0,0,0,0,0,0,0,0,0,0,0,0,0,0,0,0,0,0,0,0,0,0,0,0,0,0,0,0,0,0,0,0,0,0
"ITA 2015-1OTB50D100MDDWSPSA 9","ITA",2015,-1,-1,"OTB","50D100","MDDWSP","GSA 9",-1,"DPS",119.266,"mm",0,0,0,0,0,0,0,0,0,0,0,0,0,0,0,0,0,0,0,0,0.746011,32.148409,146.545906,275.232413,412.721717,759.079025,555.012586,715.004301,649.175992,732.179657,951.072284,748.658356,649.732954,330.660266,203.785751,143.102153,308.403896,279.453368,108.676526,45.944109,51.291236,41.567702,9.723535,0,0,0,0,0,0,0,0,0,0,0,0,0,0,0,0,0,0,0,0,0,0,0,0,0,0,0,0,0,0,0,0,0,0,0,0,0,0,0,0,0,0,0,0,0,0,0,0,0,0,0,0,0,0,0,0,0,0
"ITA 2016 1OTB50D100DEMSPSA 9","ITA",2016,1,-1,"OTB","50D100","DEMSP","GSA 9",-1,"DPS",158.379,"mm",0,0,0,0,0,0,0,0,0,0,0,0,2.574158,5.148315,19.088369,114.807431,216.268844,1001.901757,1547.227153,2582.196935,2860.443575,2843.05811,2152.352211,1797.98971,1106.254148,806.542993,854.778747,713.437691,595.834329,508.748596,254.512907,299.742836,108.276991,161.585816,109.88881,97.093266,123.302151,100.74857,22.668428,32.743285,12.593571,12.593571,0,0,0,0,0,0,0,0,0,0,0,0,0,0,0,0,0,0,0,0,0,0,0,0,0,0,0,0,0,0,0,0,0,0,0,0,0,0,0,0,0,0,0,0,0,0,0,0,0,0,0,0,0,0,0,0,0,0,0
"ITA 2016 1OTB50D100MDDWSPSA 9","ITA",2016,1,-1,"OTB","50D100","MDDWSP","GSA 9",-1,"DPS",15.353,"mm",0,0,0,0,0,0,0,0,0,0,0,0,0,0,0,0,0,0,0,0,0,0,0.952737,14.151115,26.277665,50.215171,76.972181,58.810641,51.001178,61.639077,65.798368,76.635746,62.413176,70.445936,36.686312,52.722059,71.663652,73.64058,12.76667,19.352461,9.929301,7.538528,0,0,0,0,0,0,0,0,0,0,0,0,0,0,0,0,0,0,0,0,0,0,0,0,0,0,0,0,0,0,0,0,0,0,0,0,0,0,0,0,0,0,0,0,0,0,0,0,0,0,0,0,0,0,0,0,0,0,0
"ITA 2016 2OTB50D100DEMSPSA 9","ITA",2016,2,-1,"OTB","50D100","DEMSP","GSA 9",-1,"DPS",165.632,"mm",0,0,0,0,0,0,0,0,0,0,0,0,29.505955,73.764886,66.388398,110.64733,202.882944,178.274978,137.025653,609.356974,1451.51593,2801.590388,2589.383563,1939.863083,1741.122776,1028.176296,924.515976,736.539441,734.167162,438.139821,510.063536,470.466545,337.902192,202.776722,132.239787,85.67349,73.564246,259.646499,69.899606,124.798386,34.492461,18.152063,10.439207,0,0,0,0,0,0,0,0,0,0,0,0,0,0,0,0,0,0,0,0,0,0,0,0,0,0,0,0,0,0,0,0,0,0,0,0,0,0,0,0,0,0,0,0,0,0,0,0,0,0,0,0,0,0,0,0,0,0
"ITA 2016 2OTB50D100MDDWSPSA 9","ITA",2016,2,-1,"OTB","50D100","MDDWSP","GSA 9",-1,"DPS",79.35,"mm",0,0,0,0,0,0,0,0,0,0,0,0,0,0,0,0,0,0,65.853883,35.561097,123.805299,205.464114,275.269229,466.245489,487.318731,396.440373,362.196354,167.268862,140.927309,235.7569,325.31818,393.806218,229.171511,122.501392,77.733923,32.926941,144.997079,486.436289,156.863948,192.464557,87.00615,58.0041,0,14.501025,14.501025,29.00205,14.501025,0,0,0,0,0,0,0,0,0,0,0,0,0,0,0,0,0,0,0,0,0,0,0,0,0,0,0,0,0,0,0,0,0,0,0,0,0,0,0,0,0,0,0,0,0,0,0,0,0,0,0,0,0,0
"ITA 2016 3OTB50D100DEMSPSA 9","ITA",2016,3,-1,"OTB","50D100","DEMSP","GSA 9",-1,"DPS",157.255,"mm",0,0,0,0,0,0,0,0,0,0,0,1.004885,6.029309,18.087926,91.946959,299.958112,655.687331,900.879221,1072.714522,1319.41374,1563.098303,2254.157579,2464.98241,2007.759827,1482.104589,951.826881,1086.581932,990.414457,1043.170909,661.415174,326.788536,334.506052,153.707179,74.884015,50.103556,19.01242,26.940961,55.499787,35.93468,34.357011,0,2.642847,0,0,0,0,0,0,0,0,0,0,0,0,0,0,0,0,0,0,0,0,0,0,0,0,0,0,0,0,0,0,0,0,0,0,0,0,0,0,0,0,0,0,0,0,0,0,0,0,0,0,0,0,0,0,0,0,0,0,0
"ITA 2016 3OTB50D100MDDWSPSA 9","ITA",2016,3,-1,"OTB","50D100","MDDWSP","GSA 9",-1,"DPS",61.089,"mm",0,0,0,0,0,0,0,0,0,0,0,0,0,0,0,14.998908,0,29.997817,59.995633,269.98035,1064.922493,1154.915943,496.035326,218.984062,168.202044,495.606786,901.30583,703.384521,325.99056,233.233025,136.211515,142.253932,109.85629,64.688149,29.333579,34.583197,37.604406,28.369364,4.499673,5.871001,2.999782,0,0.749945,0,0.749945,0,0,0,0,0,0,0,0,0,0,0,0,0,0,0,0,0,0,0,0,0,0,0,0,0,0,0,0,0,0,0,0,0,0,0,0,0,0,0,0,0,0,0,0,0,0,0,0,0,0,0,0,0,0,0,0
"ITA 2016 4OTB50D100DEMSPSA 9","ITA",2016,4,-1,"OTB","50D100","DEMSP","GSA 9",-1,"DPS",167.289,"mm",0,0,0,0,0,0,0,0,0,0,0,0,9.589165,22.592273,109.095574,432.968353,1150.950775,1852.666761,1608.067756,2252.29896,2079.191947,2340.408823,2374.749077,2146.617329,1133.027572,631.428916,794.986928,633.025436,821.997245,726.175886,455.138903,255.8851,98.733252,75.498354,47.293157,58.519006,115.903379,210.298914,71.622525,67.4053,16.025452,6.606985,0,3.303492,0,3.303492,0,0,0,0,0,0,0,0,0,0,0,0,0,0,0,0,0,0,0,0,0,0,0,0,0,0,0,0,0,0,0,0,0,0,0,0,0,0,0,0,0,0,0,0,0,0,0,0,0,0,0,0,0,0,0
"ITA 2016 4OTB50D100MDDWSPSA 9","ITA",2016,4,-1,"OTB","50D100","MDDWSP","GSA 9",-1,"DPS",20.785,"mm",0,0,0,0,0,0,0,0,0,0,0,0,0,0,0,0,0,0,0,0,0,2.126555,2.126555,10.632777,14.885888,10.201517,18.707739,36.56783,53.149014,54.427921,39.110774,57.818513,47.185736,74.384826,79.485584,87.129287,74.801214,79.039454,70.116844,66.711381,49.713809,32.716237,8.92261,2.974203,5.948407,5.948407,0,0,0,0,0,0,0,0,0,0,0,0,0,0,0,0,0,0,0,0,0,0,0,0,0,0,0,0,0,0,0,0,0,0,0,0,0,0,0,0,0,0,0,0,0,0,0,0,0,0,0,0,0,0,0
"ITA 2016-1OTB50D100DWSPSA 9","ITA",2016,-1,-1,"OTB","50D100","DWSP","GSA 9",-1,"DPS",10.478,"mm",0,0,0,0,0,0,0,0,0,0,0,0,0,0,0,0,0,0,0,0,0,1.321669,5.286677,29.888573,45.441746,78.889402,55.505281,50.010816,89.660892,135.612458,130.939494,72.177162,41.476739,25.413746,20.839851,6.098527,0.608888,0.202963,1.321669,0,0.202963,0,0,0,0,0,0,0,0,0,0,0,0,0,0,0,0,0,0,0,0,0,0,0,0,0,0,0,0,0,0,0,0,0,0,0,0,0,0,0,0,0,0,0,0,0,0,0,0,0,0,0,0,0,0,0,0,0,0,0,0
"ITA 2017 2GNS-1DEMFSA 9","ITA",2017,2,-1,"GNS","-1","DEMF","GSA 9",-1,"DPS",0.02688,"mm",0,0,0,0,0,0,0,0,0,0,0,0,0,0,0,0,0,0,0,0,0,0,0,0,0,0,0,0,0,0,0,0,0,0,0,0,0,0,0,0,0,0,0,0,0,0,0,0,0,0,0,0,0,0,0,0,0,0,0,0,0,0,0,0,0,0,0,0,0,0,0,0,0,0,0,0,0,0,0,0,0,0,0,0,0,0,0,0,0,0,0,0,0,0,0,0,0,0,0,0,0
"ITA 2017 1OTB50D100DEMSPSA 9","ITA",2017,1,-1,"OTB","50D100","DEMSP","GSA 9",-1,"DPS",168.45787,"mm",0,0,0,0,0,0,0,0,0,0,0,0,0,3.00785,0,4.117747,3.215392,84.908595,359.796,660.280207,1517.156492,2645.36791,3064.984029,2697.313479,1659.512013,1303.02164,1062.363568,910.064095,904.32211,722.404339,463.581861,308.818959,266.34511,121.718663,66.738174,53.864576,39.775807,80.571276,49.791948,55.795616,29.01372,8.927299,0,6.695474,2.231825,0,0,0,0,0,0,0,0,0,0,0,0,0,0,0,0,0,0,0,0,0,0,0,0,0,0,0,0,0,0,0,0,0,0,0,0,0,0,0,0,0,0,0,0,0,0,0,0,0,0,0,0,0,0,0,0
"ITA 2017 2OTB50D100DEMSPSA 9","ITA",2017,2,-1,"OTB","50D100","DEMSP","GSA 9",-1,"DPS",226.37757,"mm",0,0,0,0,0,0,0,0,0,0,0,0,0,0,16.033885,64.722146,139.6773,69.349812,79.426392,42.678813,452.624846,1286.88223,1552.562404,1408.778864,2370.538225,2319.816398,2971.026778,2261.168878,1585.764278,1107.589501,917.398945,720.599299,503.242388,440.240951,257.806624,251.914497,78.161931,137.422128,19.423162,7.769265,11.653897,0,0,0,0,0,0,0,0,0,0,0,0,0,0,0,0,0,0,0,0,0,0,0,0,0,0,0,0,0,0,0,0,0,0,0,0,0,0,0,0,0,0,0,0,0,0,0,0,0,0,0,0,0,0,0,0,0,0,0,0
"ITA 2017 3OTB50D100DEMSPSA 9","ITA",2017,3,-1,"OTB","50D100","DEMSP","GSA 9",-1,"DPS",163.88179,"mm",0,0,0,0,0,0,0,0,0,0,0,0,0,0,3.988954,234.351052,851.641696,1076.020363,1063.056263,1883.783565,2672.599234,2437.250943,2427.278558,1769.101135,937.404209,718.011735,650.199515,601.334828,1207.655848,742.942698,667.15257,419.837417,419.837417,98.726614,166.538833,55.845357,1.994477,2.991716,0.997239,0,0,0,0,0,0,0,0,0,0,0,0,0,0,0,0,0,0,0,0,0,0,0,0,0,0,0,0,0,0,0,0,0,0,0,0,0,0,0,0,0,0,0,0,0,0,0,0,0,0,0,0,0,0,0,0,0,0,0,0,0,0
"ITA 2017 4OTB50D100DEMSPSA 9","ITA",2017,4,-1,"OTB","50D100","DEMSP","GSA 9",-1,"DPS",171.42278,"mm",0,0,0,0,0,0,0,0,0,0,0,0,0,12.357559,12.609754,93.160862,516.798155,2028.732872,3031.939676,2237.449519,1779.135403,1864.251242,2489.972451,2247.310347,1631.424745,771.76738,411.985881,366.212474,533.140397,822.231615,766.435976,446.039782,252.384225,139.910264,86.338985,65.424447,121.008243,90.800316,28.349249,34.121994,17.159353,5.704653,0.749019,0.749019,2.489165,1.740146,0,0,0,0,0,0,0,0,0,0,0,0,0,0,0,0,0,0,0,0,0,0,0,0,0,0,0,0,0,0,0,0,0,0,0,0,0,0,0,0,0,0,0,0,0,0,0,0,0,0,0,0,0,0,0
"ITA 2017 1OTB50D100MDDWSPSA 9","ITA",2017,1,-1,"OTB","50D100","MDDWSP","GSA 9",-1,"DPS",16.60764,"mm",0,0,0,0,0,0,0,0,0,0,0,0,0,0,0,0.600643,3.423667,5.646048,6.847334,29.191268,42.705743,53.937774,57.781892,85.051101,117.515875,114.873044,96.283132,92.228789,116.164427,138.718586,102.679984,86.162291,79.945632,27.239177,43.846966,28.770817,13.904894,9.430101,10.601355,3.303539,0,0,0,0,0,0,0,0,0,0,0,0,0,0,0,0,0,0,0,0,0,0,0,0,0,0,0,0,0,0,0,0,0,0,0,0,0,0,0,0,0,0,0,0,0,0,0,0,0,0,0,0,0,0,0,0,0,0,0,0,0
"ITA 2017 2OTB50D100MDDWSPSA 9","ITA",2017,2,-1,"OTB","50D100","MDDWSP","GSA 9",-1,"DPS",45.16359,"mm",0,0,0,0,0,0,0,0,0,0,0,0,0,0,0,0,0,7.919033,39.595164,31.676131,39.595164,26.874243,41.027566,96.18619,133.361855,169.038322,230.557406,197.359811,183.822496,176.526892,183.80023,201.441787,240.561957,251.152828,180.928004,220.374732,129.947839,111.052003,31.149185,29.093354,7.273338,0,0,0,0,0,0,0,0,0,0,0,0,0,0,0,0,0,0,0,0,0,0,0,0,0,0,0,0,0,0,0,0,0,0,0,0,0,0,0,0,0,0,0,0,0,0,0,0,0,0,0,0,0,0,0,0,0,0,0,0
"ITA 2017 3OTB50D100MDDWSPSA 9","ITA",2017,3,-1,"OTB","50D100","MDDWSP","GSA 9",-1,"DPS",49.45521,"mm",0,0,0,0,0,0,0,0,0,0,0,0,0,0,0,3.708729,3.708729,0,7.417458,40.796018,37.087289,99.579371,88.453184,198.973306,254.975113,433.55041,329.335127,378.475785,466.187224,385.336934,282.790579,293.360457,345.653534,225.676154,31.709632,21.139755,21.139755,10.569877,0,0,0,0,0,0,0,0,0,0,0,0,0,0,0,0,0,0,0,0,0,0,0,0,0,0,0,0,0,0,0,0,0,0,0,0,0,0,0,0,0,0,0,0,0,0,0,0,0,0,0,0,0,0,0,0,0,0,0,0,0,0,0
"ITA 2017 4OTB50D100MDDWSPSA 9","ITA",2017,4,-1,"OTB","50D100","MDDWSP","GSA 9",-1,"DPS",15.44005,"mm",0,0,0,0,0,0,0,0,0,0,0,0,0,0,0,0,0,0,5.312999,7.969498,21.251994,18.595495,23.908493,22.713069,60.103296,84.742327,106.924096,121.800491,143.185311,104.998134,99.751547,75.975879,78.167491,69.533868,65.881182,24.771856,12.020659,7.637435,0,0,0,0,0,0,0,0,0,0,0,0,0,0,0,0,0,0,0,0,0,0,0,0,0,0,0,0,0,0,0,0,0,0,0,0,0,0,0,0,0,0,0,0,0,0,0,0,0,0,0,0,0,0,0,0,0,0,0,0,0,0,0
